StateIndex,Frequency
616,4
617,2
618,3
619,2
620,3
621,2
622,8
623,1
624,2
625,4
626,1
628,3
629,1
630,2
631,1
632,4
633,2
636,2
637,4
638,2
639,2
641,3
643,3
644,2
645,1
646,4
647,3
648,3
649,1
650,4
651,3
652,1
653,1
654,3
656,4
657,2
658,4
659,1
660,1
661,2
662,1
663,2
664,2
665,5
666,6
668,1
669,6
670,2
671,3
1400,3
1401,1
1402,3
1403,5
1404,4
1405,8
1406,2
1407,3
1408,2
1409,1
1410,2
1411,3
1412,5
1413,5
1414,2
1415,3
1417,4
1418,2
1419,2
1420,1
1421,1
1422,2
1423,2
1424,6
1425,4
1426,5
1427,4
1428,5
1429,1
1430,3
1431,5
1432,5
1433,5
1434,5
1435,3
1436,3
1437,1
1438,2
1439,4
1441,2
1442,1
1443,1
1446,2
1447,2
1448,4
1449,4
1450,5
1451,1
1452,2
1453,2
1454,6
1455,4
1456,5
1457,5
1459,3
1460,2
1461,2
1462,4
1463,3
1464,1
1466,1
1467,3
1468,2
1470,1
1471,1
1472,4
1474,3
1475,1
1476,4
1477,4
1478,3
1479,5
1480,1
1481,2
1482,2
1483,3
1485,3
1486,4
1487,2
1488,5
1490,4
1491,3
1494,2
1495,4
1496,6
1497,3
1498,3
1499,4
1500,2
1502,3
1503,2
1504,5
1505,2
1506,2
1507,1
1508,4
1509,3
1510,2
1511,7
1680,4
1681,4
1682,1
1683,4
1684,1
1685,4
1686,4
1687,2
1688,5
1689,1
1690,5
1691,3
1693,2
1694,4
1695,3
1696,1
1697,1
1698,4
1699,1
1700,2
1701,2
1702,1
1703,2
1704,2
1705,2
1706,6
1707,2
2212,3
2213,8
2214,5
2215,3
2216,7
2217,3
2218,8
2219,3
2220,3
2221,5
2222,4
2223,3
2224,5
2225,5
2226,3
2227,8
2228,6
2229,4
2230,3
2231,2
2232,6
2233,5
2234,3
2235,5
2236,4
2237,4
2238,7
2239,8
2240,3
2241,5
2242,2
2243,2
2244,3
2245,5
2246,2
2248,6
2249,1
2250,1
2251,2
2252,3
2253,3
2254,4
2255,2
2256,2
2257,2
2258,4
2259,7
2260,5
2261,2
2262,2
2263,3
2264,2
2265,4
2266,2
2267,1
2268,5
2269,1
2270,1
2271,2
2272,4
2273,8
2275,2
2276,4
2278,2
2279,3
2280,3
2281,3
2282,2
2283,1
2284,5
2285,3
2286,2
2287,2
2288,3
2289,4
2290,1
2291,2
2292,4
2293,3
2294,3
2295,3
2296,5
2297,3
2298,2
2299,1
2300,2
2301,1
2302,5
2303,2
2304,1
2305,2
2306,2
2307,2
2308,2
2309,2
2310,1
2311,5
2312,2
2313,7
2314,3
2315,6
2316,2
2317,3
2318,4
2319,3
2320,4
2321,4
2322,2
2324,7
2325,7
2326,10
2327,8
2328,5
2329,4
2330,6
2331,3
2332,5
2333,9
2334,4
2335,3
2337,6
2338,5
2339,6
2340,8
2341,5
2342,7
2343,5
2344,8
2345,6
2346,3
2347,2
2348,5
2349,6
2350,6
2351,9
2492,2
2493,4
2494,4
2495,2
2496,1
2497,2
2498,3
2500,2
2502,3
2504,1
2505,3
2507,4
2509,3
2510,2
2512,2
2513,3
2514,3
2515,3
2516,1
2517,5
2518,3
2519,2
2520,2
2521,4
2522,3
2523,2
2524,3
2525,4
2526,1
2527,1
2528,2
2529,2
2530,1
2532,6
2533,3
2534,4
2536,1
2537,3
2538,1
2539,1
2540,4
2541,3
2542,5
2543,1
2544,2
2545,3
2546,3
2547,1
2549,1
2550,1
2551,2
2553,4
2554,5
2555,3
2556,1
2557,1
2558,2
2559,4
2560,1
2561,2
2563,2
2564,2
2565,1
2566,1
2568,3
2569,1
2570,5
2571,2
2572,2
2573,6
2574,1
2575,6
2577,2
2578,4
2579,2
2580,7
2581,3
2582,2
2583,3
2584,1
2585,1
2587,1
2588,1
2589,3
2590,1
2592,2
2593,2
2594,2
2595,3
2596,1
2598,5
2599,3
2600,2
2601,2
2602,2
2603,2
2968,3
2970,1
2971,3
2972,5
2973,4
2974,1
2975,2
2976,1
2977,1
2979,4
2980,1
2981,1
2982,1
2983,5
2984,3
2985,3
2986,3
2987,3
2988,1
2989,3
2990,3
2991,3
2992,4
2993,5
2994,2
2995,6
2996,2
2997,2
2999,2
3000,3
3001,6
3002,3
3004,2
3005,3
3006,2
3007,3
3008,2
3009,2
3012,3
3013,2
3014,5
3015,2
3016,3
3019,1
3020,2
3021,1
3022,3
3023,3
3024,7
3025,7
3026,3
3027,6
3028,9
3029,4
3030,11
3031,7
3032,1
3033,2
3034,4
3035,5
3036,3
3037,5
3038,6
3039,1
3040,2
3041,3
3042,7
3043,4
3044,2
3045,3
3046,5
3047,7
3048,5
3049,3
3050,6
3051,7
3052,2
3053,3
3054,2
3055,2
3056,3
3057,1
3058,3
3059,3
3060,2
3061,1
3062,2
3063,2
3064,3
3065,2
3068,2
3069,1
3070,4
3072,2
3073,2
3075,2
3076,3
3077,2
3078,1
3079,3
3080,3
3081,2
3082,1
3084,3
3085,5
3086,3
3087,1
3088,1
3089,3
3091,1
3092,2
3093,1
3095,1
3097,4
3098,1
3100,3
3101,3
3102,1
3103,3
3104,3
3105,2
3106,3
3107,3
3108,3
3109,2
3110,1
3111,4
3112,5
3113,3
3114,5
3116,2
3117,2
3118,1
3121,1
3122,4
3123,3
3124,2
3125,2
3127,1
3128,1
3129,3
3130,2
3131,1
3133,1
3134,6
3135,3
3136,2
3137,10
3138,6
3139,4
3140,10
3141,6
3142,7
3143,1
3144,2
3145,1
3146,4
3147,9
3148,7
3149,6
3150,1
3151,2
3152,3
3153,4
3154,10
3155,6
3156,1
3157,10
3158,4
3159,3
3160,3
3161,7
3162,10
3163,9
3164,18
3165,29
3166,32
3167,11
3168,23
3169,22
3170,25
3171,13
3172,26
3173,23
3174,9
3175,65
3176,23
3177,15
3178,20
3179,37
3180,14
3181,15
3182,28
3183,25
3184,13
3185,30
3186,14
3187,11
3188,16
3189,34
3190,33
3191,25
3192,2
3193,3
3194,2
3197,5
3198,7
3199,3
3200,1
3201,4
3202,1
3203,1
3204,2
3205,1
3206,4
3207,2
3210,5
3211,1
3212,2
3213,4
3214,5
3215,3
3216,1
3217,3
3218,3
3219,4
3332,5
3333,2
3335,4
3336,7
3337,3
3339,3
3340,1
3341,2
3342,1
3345,1
3346,3
3347,1
3348,2
3349,2
3350,1
3351,1
3352,1
3353,2
3354,2
3355,1
3356,1
3357,5
3358,2
3359,2
3360,3
3361,1
3363,3
3364,3
3365,5
3366,1
3367,2
3368,2
3370,2
3371,4
3372,2
3373,5
3374,2
3375,3
3376,3
3377,1
3378,3
3379,3
3381,3
3382,2
3383,2
3385,2
3386,2
3387,2
3389,3
3390,1
3391,3
3392,2
3393,2
3394,2
3395,4
3396,2
3397,2
3398,3
3399,2
3400,2
3401,5
3403,5
3404,1
3405,3
3406,1
3407,3
3408,1
3409,3
3410,2
3411,4
3412,2
3413,3
3414,5
3415,2
3416,2
3417,5
3418,3
3420,1
3421,2
3422,5
3423,4
3424,2
3425,1
3426,1
3428,6
3429,1
3431,1
3432,1
3433,1
3434,2
3435,1
3436,3
3437,2
3438,3
3439,3
3441,2
3442,3
3443,4
3445,5
3446,2
3447,3
3448,3
3449,1
3450,3
3451,2
3452,3
3454,4
3455,2
3456,3
3457,3
3460,2
3461,1
3462,1
3463,3
3464,1
3466,6
3467,1
3468,1
3469,3
3470,3
3471,3
3780,4
3781,10
3782,6
3783,8
3784,9
3785,5
3786,5
3787,3
3788,3
3789,1
3790,1
3791,3
3792,4
3793,2
3795,2
3796,1
3797,1
3798,7
3799,2
3800,6
3801,2
3802,5
3803,3
3804,4
3805,3
3806,3
3807,8
3808,3
3809,6
3810,1
3811,2
3812,5
3813,3
3814,5
3815,3
3816,2
3817,3
3818,5
3819,2
3820,4
3821,2
3822,3
3823,1
3824,4
3825,2
3826,6
3827,1
3828,6
3829,3
3830,4
3831,1
3832,5
3833,4
3834,4
3835,3
3836,3
3837,2
3838,3
3839,6
3840,4
3841,4
3842,6
3843,3
3844,4
3845,3
3846,2
3847,2
3848,1
3849,3
3850,3
3851,3
3852,2
3853,1
3854,1
3855,2
3856,3
3857,2
3858,2
3859,3
3860,5
3861,3
3862,2
3863,7
3864,8
3865,2
3866,9
3867,7
3868,5
3869,11
3870,10
3871,1
3872,8
3873,4
3874,4
3875,3
3876,7
3877,3
3878,1
3879,3
3880,3
3882,6
3883,8
3884,3
3885,9
3886,3
3887,3
3888,1
3889,4
3890,2
3891,8
3892,3
3893,2
3894,5
3895,2
3896,2
3897,1
3898,2
3899,2
3900,1
3901,3
3902,7
3903,3
3904,2
3905,5
3906,3
3907,2
3909,2
3910,2
3911,1
3912,6
3913,1
3914,4
3915,6
3916,2
3917,3
3918,11
3919,6
3920,3
3921,7
3922,1
3923,7
3924,11
3925,4
3926,9
3927,6
3928,4
3929,6
3930,1
3931,3
3932,7
3933,6
3934,6
3935,2
3936,3
3937,7
3938,3
3939,5
3940,5
3941,8
3942,9
3943,7
3944,3
3945,6
3946,8
3947,7
3948,14
3949,22
3950,7
3951,14
3952,17
3953,25
3954,15
3955,8
3956,16
3957,11
3958,7
3959,22
3960,18
3961,16
3962,12
3963,8
3964,7
3965,13
3966,19
3967,7
3968,13
3969,18
3970,19
3971,8
3972,15
3973,23
3974,22
3975,13
3976,3
3977,6
3978,4
3979,8
3980,12
3981,7
3982,7
3983,4
3984,3
3985,4
3986,2
3987,3
3988,5
3989,1
3990,4
3991,1
3992,2
3993,2
3994,8
3995,4
3996,9
3997,7
3998,6
3999,2
4000,3
4001,7
4002,5
4003,5
4004,2
4005,1
4006,6
4007,2
4008,5
4009,17
4010,5
4011,10
4012,7
4013,3
4014,1
4015,9
4016,4
4017,2
4018,5
4019,2
4020,2
4021,1
4022,6
4023,9
4024,10
4025,5
4026,4
4027,2
4028,3
4029,5
4030,8
4031,3
4032,5
4033,9
4034,6
4035,4
4036,13
4037,10
4038,7
4039,6
4040,4
4041,11
4042,3
4043,9
4044,6
4045,6
4046,4
4047,3
4048,6
4049,2
4050,6
4051,8
4052,5
4053,9
4054,4
4055,16
4056,3
4057,8
4058,6
4059,4
4060,2
4061,1
4062,5
4063,5
4064,9
4065,4
4066,4
4068,2
4069,1
4071,2
4072,2
4073,3
4074,1
4075,7
4076,3
4077,3
4078,2
4079,3
4080,2
4081,2
4082,3
4085,5
4086,7
4087,5
4172,5
4174,2
4175,1
4176,2
4178,1
4179,1
4181,4
4183,1
4184,3
4185,1
4186,1
4187,2
4188,1
4189,2
4190,2
4191,1
4192,3
4193,2
4194,6
4196,5
4197,3
4198,2
4199,2
4200,4
4201,3
4202,3
4203,2
4204,4
4205,1
4206,2
4207,3
4208,2
4209,2
4210,2
4211,3
4212,1
4213,5
4214,2
4215,4
4216,3
4217,1
4219,3
4220,1
4221,1
4222,3
4223,4
4224,2
4225,1
4226,5
4227,3
4229,4
4230,3
4231,3
4232,1
4233,2
4234,4
4237,2
4239,1
4240,3
4241,2
4242,2
4243,3
4244,2
4246,4
4248,1
4250,3
4251,2
4252,2
4253,2
4254,3
4255,4
4256,4
4257,2
4258,4
4259,1
4260,4
4261,2
4262,5
4263,2
4264,2
4265,1
4267,2
4268,2
4269,4
4270,1
4271,2
4272,2
4273,1
4274,6
4275,1
4276,3
4277,2
4278,2
4280,2
4281,3
4283,3
4284,2
4285,1
4286,3
4287,1
4288,4
4289,3
4290,4
4291,2
4292,1
4293,3
4294,3
4295,4
4296,3
4297,2
4298,3
4299,3
4300,2
4301,1
4302,3
4303,3
4304,3
4305,2
4306,4
4308,1
4309,4
4310,2
4311,3
4312,5
4313,3
4314,1
4315,4
4316,7
4317,1
4318,4
4319,4
4320,2
4321,3
4322,4
4323,1
4324,5
4325,1
4326,3
4328,2
4329,3
4330,1
4331,3
4332,2
4333,3
4334,1
4335,5
4336,2
4337,2
4338,1
4339,4
4452,5
4453,5
4454,4
4455,4
4456,10
4457,7
4458,4
4459,2
4460,10
4461,5
4462,5
4463,5
4464,3
4465,6
4466,4
4467,5
4468,1
4469,6
4470,4
4471,5
4472,4
4473,7
4474,6
4475,1
4476,6
4477,4
4478,6
4479,10
4480,1
4481,5
4482,2
4483,1
4484,2
4485,3
4486,2
4487,4
4488,2
4489,1
4490,1
4491,4
4492,5
4493,4
4494,2
4495,1
4496,3
4497,2
4498,5
4499,4
4500,4
4501,4
4502,2
4503,1
4504,1
4505,2
4506,4
4507,3
4508,4
4509,3
4510,4
4511,2
4512,4
4513,4
4514,2
4515,3
4516,2
4517,3
4518,2
4519,4
4520,2
4521,1
4522,1
4523,3
4524,1
4525,1
4526,2
4527,3
4528,2
4529,1
4530,1
4531,1
4532,5
4533,6
4534,2
4535,3
4536,3
4537,4
4538,5
4539,3
4540,2
4541,3
4542,5
4543,2
4544,2
4545,4
4546,2
4547,1
4548,4
4549,2
4550,3
4551,2
4552,2
4553,1
4554,1
4555,1
4556,1
4557,2
4558,2
4559,2
4561,3
4562,7
4563,4
4592,43
4593,60
4594,37
4595,25
4596,38
4597,38
4598,40
4599,27
4600,41
4601,31
4602,27
4603,33
4604,24
4605,34
4606,32
4607,34
4608,36
4609,29
4610,21
4611,37
4612,28
4613,41
4614,38
4615,24
4616,28
4617,45
4618,32
4619,49
4620,10
4621,3
4622,5
4623,5
4624,4
4625,7
4626,3
4627,1
4628,3
4629,1
4630,1
4631,6
4632,6
4633,10
4634,3
4635,6
4636,2
4637,3
4638,6
4639,9
4640,5
4641,4
4642,3
4643,1
4644,5
4645,5
4646,12
4647,8
4648,10
4649,14
4650,11
4651,16
4652,33
4653,12
4654,10
4655,14
4656,5
4657,10
4658,13
4659,10
4660,9
4661,8
4662,9
4663,7
4664,8
4665,13
4666,6
4667,6
4668,9
4669,8
4670,7
4671,7
4672,8
4673,13
4674,9
4675,14
4676,5
4677,5
4678,4
4679,3
4680,9
4681,7
4682,7
4683,3
4684,3
4685,3
4686,9
4687,8
4688,9
4689,5
4690,3
4691,4
4692,3
4693,7
4694,4
4695,8
4696,8
4697,7
4698,8
4699,9
4700,2
4701,4
4702,11
4703,10
4704,36
4705,36
4706,27
4707,21
4708,45
4709,49
4710,37
4711,27
4712,23
4713,27
4714,30
4715,33
4716,45
4717,34
4718,37
4719,26
4720,43
4721,42
4722,45
4723,31
4724,53
4725,43
4726,31
4727,49
4728,31
4729,37
4730,46
4731,51
4732,4
4733,4
4734,10
4735,6
4736,4
4737,5
4738,5
4739,2
4740,3
4741,11
4742,2
4743,8
4744,3
4745,5
4746,1
4747,4
4748,4
4749,11
4750,4
4751,10
4752,5
4753,6
4754,5
4755,5
4756,6
4757,6
4758,5
4759,6
4760,38
4761,36
4762,40
4763,39
4764,32
4765,46
4766,44
4767,31
4768,32
4769,31
4770,37
4771,39
4772,37
4773,23
4774,34
4775,48
4776,31
4777,31
4778,33
4779,39
4780,38
4781,43
4782,31
4783,40
4784,41
4785,49
4786,57
4787,49
4788,42
4789,54
4790,58
4791,55
4792,112
4793,62
4794,47
4795,54
4796,34
4797,41
4798,35
4799,69
4800,65
4801,47
4802,49
4803,54
4804,55
4805,50
4806,54
4807,72
4808,60
4809,60
4810,54
4811,55
4812,50
4813,51
4814,57
4815,84
4816,2
4817,2
4818,2
4819,4
4820,4
4821,8
4822,4
4823,3
4824,1
4825,2
4826,1
4827,1
4828,3
4829,7
4830,4
4831,5
4832,2
4833,11
4834,4
4835,4
4836,4
4838,2
4839,2
4840,2
4841,6
4842,6
4843,5
4844,5
4845,8
4846,8
4847,8
4848,7
4849,5
4850,10
4851,5
4852,7
4853,13
4854,2
4855,4
4856,7
4857,9
4858,6
4859,5
4860,6
4861,2
4862,5
4863,5
4864,6
4865,11
4866,7
4867,10
4868,7
4869,9
4870,9
4871,10
4872,25
4873,16
4874,6
4875,6
4876,14
4877,18
4878,19
4879,11
4880,12
4881,6
4882,18
4883,17
4884,12
4885,15
4886,9
4887,18
4888,13
4889,14
4890,12
4891,8
4892,10
4893,14
4894,10
4895,5
4896,6
4897,14
4898,14
4899,19
4900,3
4901,3
4902,9
4903,4
4904,4
4905,1
4906,5
4907,3
4909,3
4910,2
4911,1
4912,3
4913,5
4914,5
4915,3
4916,3
4917,3
4918,2
4919,3
4920,1
4921,5
4922,2
4923,1
4924,6
4925,3
4926,3
4927,2
5040,4
5041,6
5042,1
5043,2
5044,1
5045,4
5046,3
5047,2
5048,2
5050,5
5051,2
5052,2
5053,2
5054,1
5055,2
5058,1
5059,3
5060,4
5062,2
5063,1
5064,2
5065,2
5066,3
5067,3
5068,4
5069,4
5070,4
5071,1
5072,1
5073,3
5075,2
5076,1
5077,4
5078,2
5079,2
5080,2
5081,3
5082,2
5083,1
5085,1
5086,1
5087,3
5088,5
5089,3
5090,2
5091,2
5092,3
5093,4
5094,4
5095,2
5096,4
5097,2
5098,3
5099,3
5100,1
5101,2
5102,2
5104,3
5105,2
5106,1
5107,1
5108,3
5109,2
5110,2
5111,2
5112,3
5113,2
5114,1
5115,3
5116,2
5117,3
5118,1
5119,2
5120,2
5121,2
5122,4
5123,1
5125,3
5126,4
5127,2
5128,7
5129,3
5130,4
5131,3
5132,2
5133,2
5134,2
5135,1
5136,2
5137,2
5138,2
5140,1
5141,3
5142,3
5143,2
5144,1
5145,2
5146,1
5147,4
5149,2
5150,4
5151,3
5152,2
5153,1
5154,3
5155,3
5156,2
5157,3
5158,2
5159,1
5160,1
5161,3
5162,2
5163,3
5164,5
5165,3
5166,3
5167,2
5168,3
5169,3
5170,2
5171,3
5172,2
5173,1
5174,4
5175,4
5176,3
5177,5
5178,5
5179,2
5180,2
5181,2
5182,3
5183,2
5184,2
5185,4
5186,7
5187,2
5188,2
5189,4
5190,3
5191,2
5192,2
5193,3
5194,2
5195,3
5196,3
5197,1
5198,2
5199,4
5200,4
5201,2
5203,1
5204,2
5205,5
5206,2
5207,2
5208,5
5209,5
5210,1
5211,4
5212,11
5213,6
5214,4
5215,9
5216,3
5217,6
5218,4
5219,2
5220,5
5221,4
5222,4
5224,3
5225,3
5226,3
5227,5
5228,7
5229,5
5230,4
5231,4
5232,3
5233,5
5234,8
5235,8
5292,1
5293,4
5294,4
5295,4
5296,4
5297,1
5298,3
5300,1
5301,1
5302,1
5303,3
5304,2
5305,4
5306,1
5307,2
5308,2
5309,2
5310,2
5311,1
5312,3
5313,1
5314,2
5315,1
5316,1
5317,5
5318,4
5319,2
5320,3
5321,1
5322,4
5323,2
5324,5
5325,2
5326,2
5327,4
5328,2
5330,3
5332,1
5334,2
5335,1
5336,2
5337,3
5338,3
5339,3
5340,3
5341,5
5342,3
5343,1
5344,4
5345,3
5346,2
5347,5
5348,4
5349,2
5351,2
5352,1
5353,4
5354,2
5355,3
5356,3
5357,3
5359,3
5360,2
5361,1
5362,1
5363,4
5364,1
5366,1
5367,2
5368,1
5369,1
5370,3
5371,3
5372,2
5373,2
5374,1
5375,2
5377,1
5378,1
5379,2
5380,4
5381,1
5382,9
5383,1
5384,2
5385,2
5386,3
5387,2
5388,3
5389,8
5391,4
5392,4
5393,2
5394,1
5395,4
5396,4
5397,2
5399,2
5400,4
5401,5
5402,5
5403,2
5432,3
5433,2
5434,6
5435,1
5436,1
5437,6
5438,2
5439,1
5440,5
5441,1
5442,3
5443,6
5444,5
5445,6
5446,3
5447,1
5448,5
5449,3
5450,5
5451,3
5452,5
5453,2
5454,3
5455,5
5456,3
5457,6
5458,2
5459,10
5460,2
5461,5
5463,2
5464,4
5465,2
5466,6
5467,1
5468,3
5469,3
5470,3
5471,1
5472,1
5473,5
5474,5
5476,2
5477,1
5478,1
5479,2
5480,2
5481,5
5482,2
5483,1
5484,3
5485,2
5486,7
5487,2
5488,6
5489,3
5490,2
5491,4
5492,2
5493,5
5494,7
5495,2
5496,4
5497,4
5499,4
5500,5
5501,1
5502,3
5503,4
5504,3
5505,2
5506,3
5507,5
5508,2
5509,6
5510,3
5511,5
5512,2
5513,10
5514,6
5515,7
5516,7
5517,9
5518,7
5519,9
5520,14
5521,20
5522,15
5523,10
5524,4
5525,12
5526,8
5527,14
5528,10
5529,13
5530,9
5531,12
5532,8
5533,7
5534,10
5535,17
5536,11
5537,19
5538,8
5539,6
5540,10
5541,14
5542,12
5543,11
5544,10
5545,8
5546,3
5547,7
5548,5
5549,8
5550,5
5551,4
5552,4
5553,4
5554,4
5555,3
5556,3
5557,16
5558,6
5559,4
5560,4
5561,4
5562,6
5563,8
5564,6
5565,5
5566,3
5567,3
5568,3
5569,6
5570,3
5571,3
5572,45
5573,80
5574,40
5575,42
5576,78
5577,46
5578,64
5579,68
5580,29
5581,31
5582,33
5583,80
5584,50
5585,52
5586,24
5587,28
5588,11
5589,36
5590,53
5591,51
5592,38
5593,41
5594,44
5595,38
5596,35
5597,56
5598,82
5599,66
5600,24
5601,21
5602,28
5603,21
5604,50
5605,30
5606,36
5607,14
5608,12
5609,15
5610,11
5611,35
5612,38
5613,16
5614,14
5615,18
5616,9
5617,16
5618,34
5619,14
5620,22
5621,30
5622,19
5623,24
5624,26
5625,28
5626,40
5627,43
5628,9
5629,5
5630,9
5631,6
5632,4
5633,6
5634,5
5635,2
5636,4
5638,1
5639,6
5640,6
5641,7
5642,5
5643,3
5644,4
5645,6
5646,4
5647,1
5648,11
5649,6
5650,5
5651,5
5652,5
5653,8
5654,7
5655,14
5656,41
5657,48
5658,28
5659,22
5660,38
5661,27
5662,40
5663,31
5664,27
5665,33
5666,17
5667,19
5668,127
5669,37
5670,33
5671,31
5672,22
5673,34
5674,23
5675,36
5676,38
5677,39
5678,50
5679,24
5680,32
5681,40
5682,48
5683,52
5684,5
5685,8
5686,5
5687,6
5688,10
5689,6
5690,16
5691,11
5692,2
5693,2
5694,9
5695,9
5696,5
5697,10
5698,7
5699,5
5700,1
5701,4
5702,4
5703,7
5704,4
5705,5
5706,6
5707,4
5708,6
5709,6
5710,7
5711,9
5712,7
5713,9
5714,10
5715,7
5716,13
5717,6
5718,9
5719,10
5720,5
5721,5
5722,5
5723,4
5724,9
5725,2
5726,9
5727,7
5728,8
5730,5
5731,5
5732,4
5733,12
5734,10
5735,8
5736,9
5737,13
5738,14
5739,6
5740,2
5741,1
5742,2
5743,7
5744,5
5745,5
5746,5
5747,7
5749,1
5750,4
5751,3
5752,2
5753,6
5754,4
5755,4
5756,2
5757,2
5758,3
5759,1
5760,2
5761,1
5762,2
5763,3
5764,2
5765,3
5766,3
5767,1
5880,2
5881,5
5882,1
5883,3
5884,3
5885,6
5886,3
5888,1
5889,1
5890,1
5891,2
5892,4
5893,1
5895,2
5897,1
5898,5
5899,1
5900,1
5901,3
5902,1
5903,2
5905,8
5906,6
5907,6
5908,3
5909,5
5910,1
5911,5
5912,3
5913,4
5914,2
5915,3
5916,5
5917,4
5918,3
5919,5
5920,5
5921,1
5922,1
5924,2
5925,1
5926,4
5927,7
5928,2
5929,3
5930,3
5931,1
5932,3
5933,6
5934,7
5935,6
5936,6
5937,4
5938,1
5939,3
5940,3
5941,7
5942,3
5945,5
5946,1
5947,2
5948,2
5949,3
5950,1
5952,1
5953,10
5955,2
5956,3
5957,2
5958,4
5959,2
5960,1
5961,2
5962,1
5963,3
5964,2
5965,1
5966,3
5967,7
5968,3
5969,5
5970,2
5971,3
5972,4
5973,2
5974,2
5975,2
5976,6
5977,2
5978,6
5979,2
5980,1
5981,1
5982,4
5983,3
5984,2
5985,2
5986,6
5987,3
5988,4
5989,1
5990,5
5991,3
5992,6
5993,7
5994,6
5995,6
5996,9
5997,8
5998,3
5999,5
6000,4
6001,23
6002,6
6003,4
6004,6
6005,5
6006,2
6007,10
6008,3
6009,3
6010,3
6011,4
6012,8
6013,6
6014,4
6015,3
6016,4
6017,10
6018,5
6019,9
6020,12
6021,8
6022,6
6023,7
6024,10
6025,5
6026,2
6027,6
6028,10
6029,5
6030,8
6031,9
6032,6
6033,6
6034,4
6035,8
6036,2
6037,1
6038,10
6039,10
6040,4
6041,7
6042,13
6043,2
6044,2
6045,9
6046,9
6047,10
6048,4
6049,11
6050,10
6051,6
6052,17
6053,10
6054,19
6055,5
6056,5
6057,13
6058,20
6059,10
6060,8
6061,8
6062,6
6063,6
6064,4
6065,9
6066,11
6067,12
6068,18
6069,12
6070,7
6071,5
6072,6
6073,13
6074,21
6075,17
6076,1
6077,3
6078,2
6079,1
6080,6
6081,3
6082,7
6083,3
6084,2
6085,2
6086,2
6087,1
6089,3
6090,1
6091,2
6092,1
6093,1
6094,1
6095,2
6096,1
6097,4
6098,2
6099,4
6100,2
6101,4
6102,3
6103,2
6132,4
6133,4
6134,2
6135,4
6136,2
6137,1
6138,2
6139,2
6140,3
6141,2
6142,4
6143,2
6144,4
6145,4
6147,4
6149,1
6150,6
6151,3
6153,3
6154,3
6155,1
6156,2
6157,3
6158,4
6159,3
6160,1
6161,2
6162,1
6163,1
6164,3
6165,1
6166,6
6167,1
6168,3
6169,1
6170,3
6171,2
6172,2
6173,2
6174,4
6175,1
6178,3
6179,3
6180,3
6181,1
6182,5
6183,3
6184,2
6185,2
6186,3
6187,3
6188,1
6189,2
6190,2
6191,5
6192,1
6193,4
6194,2
6195,6
6196,1
6197,4
6198,3
6199,3
6200,1
6202,1
6203,4
6205,3
6206,4
6207,1
6208,1
6209,6
6210,2
6211,6
6212,1
6213,4
6214,1
6215,2
6216,4
6217,2
6218,3
6219,2
6220,2
6221,3
6222,5
6223,1
6224,3
6225,2
6226,3
6227,4
6228,1
6229,5
6230,2
6231,4
6232,1
6233,1
6234,2
6235,2
6236,1
6237,1
6238,3
6239,3
6240,1
6241,2
6242,1
6243,3
6244,3
6245,3
6246,1
6247,5
6248,3
6249,2
6250,5
6251,1
6252,1
6253,1
6254,3
6255,6
6257,3
6258,2
6259,4
6260,2
6261,1
6262,6
6263,2
6264,1
6265,5
6266,4
6267,6
6268,2
6269,2
6270,4
6271,1
6272,2
6273,21
6274,11
6275,3
6276,2
6277,13
6278,3
6279,1
6280,17
6281,4
6282,7
6283,3
6284,4
6285,5
6286,6
6287,20
6288,4
6289,3
6290,7
6291,7
6292,4
6293,4
6294,6
6295,3
6296,6
6297,5
6298,7
6299,4
6300,33
6301,44
6302,30
6303,42
6304,42
6305,37
6306,24
6307,31
6308,40
6309,27
6310,21
6311,49
6312,40
6313,25
6314,21
6315,37
6316,29
6317,36
6318,32
6319,41
6320,39
6321,44
6322,37
6323,39
6324,27
6325,54
6326,47
6327,44
6328,4
6329,7
6330,6
6331,8
6332,9
6333,10
6334,8
6335,5
6336,5
6337,11
6338,6
6339,6
6340,3
6341,6
6342,4
6343,7
6344,1
6345,5
6346,4
6347,5
6348,4
6349,1
6351,7
6352,4
6353,7
6354,10
6355,6
6356,22
6357,44
6358,41
6359,41
6360,51
6361,51
6362,36
6363,22
6364,32
6365,53
6366,33
6367,61
6368,39
6369,39
6370,33
6371,32
6372,37
6373,28
6374,43
6375,52
6376,44
6377,50
6378,39
6379,46
6380,30
6381,34
6382,50
6383,39
6384,26
6385,22
6386,7
6387,10
6388,12
6389,7
6390,12
6391,17
6392,6
6393,8
6394,8
6395,10
6396,3
6397,9
6398,14
6399,7
6400,6
6401,9
6402,8
6403,18
6404,5
6405,6
6406,7
6407,11
6408,4
6409,12
6410,12
6411,13
6412,46
6413,41
6414,37
6415,36
6416,42
6417,37
6418,43
6419,27
6420,34
6421,25
6422,22
6423,62
6424,30
6425,26
6426,22
6427,27
6428,24
6429,22
6430,32
6431,39
6432,28
6433,42
6434,33
6435,40
6436,31
6437,43
6438,49
6439,57
6440,9
6441,8
6442,10
6443,6
6444,13
6445,13
6446,19
6447,6
6448,6
6449,2
6450,3
6451,3
6452,12
6453,7
6454,5
6455,7
6456,7
6457,7
6458,4
6459,14
6460,11
6461,6
6462,3
6463,8
6464,8
6465,3
6466,13
6467,14
6468,6
6469,8
6470,9
6471,11
6472,23
6473,6
6474,12
6475,7
6476,2
6477,6
6478,4
6479,5
6480,13
6481,14
6482,6
6483,10
6484,7
6485,5
6486,16
6487,7
6488,8
6489,7
6490,5
6491,4
6492,9
6493,8
6494,12
6495,9
6496,45
6497,27
6498,21
6499,38
6500,46
6501,26
6502,44
6503,70
6504,26
6505,55
6506,25
6507,21
6508,22
6509,23
6510,38
6511,20
6512,20
6513,27
6514,42
6515,31
6516,20
6517,31
6518,27
6519,18
6520,21
6521,23
6522,29
6523,29
6524,2
6525,3
6526,3
6527,1
6528,6
6529,7
6530,5
6531,2
6532,6
6533,2
6534,5
6535,5
6536,3
6537,2
6538,2
6539,1
6541,2
6542,9
6543,5
6544,4
6545,5
6546,3
6547,2
6548,1
6549,5
6550,12
6551,9
6552,2
6553,8
6554,4
6555,6
6556,10
6557,2
6558,6
6559,4
6560,2
6561,2
6562,5
6563,3
6564,5
6565,4
6566,4
6567,3
6568,3
6569,3
6570,5
6571,3
6572,8
6573,9
6574,2
6575,5
6576,4
6577,5
6578,6
6579,6
6720,5
6721,2
6722,3
6723,4
6724,5
6725,1
6726,4
6727,7
6729,1
6731,4
6732,4
6733,4
6735,1
6737,1
6738,4
6739,4
6740,3
6741,2
6742,5
6743,3
6744,3
6745,1
6746,4
6747,2
6748,2
6749,1
6750,4
6752,6
6753,1
6754,3
6755,5
6756,1
6757,1
6758,1
6760,3
6761,4
6762,1
6764,2
6765,1
6766,3
6767,5
6768,2
6770,2
6772,2
6773,4
6774,1
6775,3
6776,2
6777,2
6778,3
6779,1
6780,2
6781,3
6782,1
6783,2
6784,2
6785,1
6786,1
6787,5
6788,3
6789,2
6790,2
6791,2
6792,2
6793,1
6794,4
6795,2
6796,3
6797,3
6798,3
6799,1
6800,3
6801,3
6802,3
6803,7
6804,5
6805,5
6806,4
6807,4
6808,5
6809,3
6810,4
6811,4
6812,2
6813,1
6814,3
6815,7
6816,10
6817,4
6818,7
6819,5
6820,3
6821,2
6822,3
6823,6
6824,3
6825,4
6826,3
6827,5
6828,2
6829,6
6830,7
6831,6
6832,1
6833,2
6834,2
6835,5
6836,1
6837,4
6838,3
6839,1
6841,1
6842,1
6843,4
6844,3
6845,1
6846,4
6847,4
6849,2
6850,2
6851,2
6852,2
6854,3
6855,2
6856,1
6857,4
6858,4
6859,6
6860,3
6861,8
6862,3
6863,1
6864,4
6865,3
6866,6
6867,2
6868,3
6869,5
6870,2
6871,2
6872,2
6873,2
6874,1
6875,2
6876,2
6877,3
6878,1
6879,3
6880,1
6881,8
6882,3
6883,4
6884,2
6885,2
6886,2
6887,3
6888,4
6889,4
6890,1
6891,2
6892,2
6893,3
6894,2
6896,2
6897,3
6898,3
6899,5
6900,2
6901,1
6902,1
6903,1
6904,1
6905,1
6906,4
6907,3
6908,2
6909,1
6910,2
6911,4
6912,2
6913,3
6914,2
6915,7
6916,1
6917,1
6918,3
6919,4
6920,5
6921,1
6922,2
6924,3
6926,1
6927,3
6928,5
6929,5
6930,1
6931,1
6932,3
6933,2
6934,4
6935,5
6936,2
6937,2
6939,3
6940,6
6941,5
6942,3
6943,3
6944,1
6945,4
6946,4
6947,1
6948,6
6949,4
6950,3
6951,1
6952,1
6953,4
6954,2
6956,6
6957,5
6958,2
6959,3
6960,1
6961,1
6962,2
6963,1
6964,5
6965,6
6966,3
6967,3
6968,3
6969,6
6970,4
6971,8
6972,3
6973,1
6974,5
6975,3
6976,5
6977,2
6978,2
6979,1
6980,1
6981,2
6982,4
6983,5
6984,4
6985,6
6986,1
6987,2
6988,1
6989,2
6990,3
6991,2
6992,2
6993,4
6994,3
6995,4
6996,3
6997,3
6998,3
6999,6
7000,3
7001,2
7002,4
7003,3
7004,4
7005,5
7007,2
7008,2
7009,1
7010,3
7011,2
7012,2
7014,1
7016,3
7018,2
7019,1
7020,4
7021,2
7022,4
7023,2
7024,4
7025,3
7026,2
7027,4
7028,8
7029,2
7030,3
7031,5
7032,10
7033,5
7034,6
7035,6
7036,2
7037,2
7038,1
7039,11
7040,3
7041,5
7042,4
7043,2
7044,1
7045,2
7046,3
7047,5
7048,3
7049,1
7050,1
7051,4
7052,4
7053,7
7054,8
7055,6
7057,4
7058,3
7059,5
7060,3
7061,5
7062,6
7063,2
7064,2
7065,1
7066,4
7067,5
7068,1
7069,3
7070,3
7071,1
7072,1
7073,2
7074,3
7075,1
7076,2
7077,3
7078,2
7079,1
7080,4
7081,1
7082,9
7083,2
7084,5
7086,1
7087,6
7088,6
7089,9
7090,8
7091,3
7092,2
7093,2
7094,7
7095,6
7096,4
7097,5
7098,1
7099,4
7100,3
7101,3
7102,2
7103,2
7104,3
7105,4
7106,3
7107,3
7108,8
7109,6
7110,4
7111,3
7112,14
7113,13
7114,6
7115,12
7116,10
7117,10
7118,6
7119,8
7120,15
7121,5
7122,6
7123,10
7124,13
7125,14
7126,14
7127,12
7128,6
7129,7
7130,9
7131,10
7132,8
7133,6
7134,10
7135,11
7136,12
7137,7
7138,8
7139,6
7140,12
7141,13
7142,17
7143,16
7144,27
7145,15
7146,14
7147,23
7148,4
7149,7
7150,10
7151,35
7152,13
7153,3
7154,13
7155,6
7156,5
7157,12
7158,20
7159,13
7160,13
7161,9
7162,18
7163,9
7164,4
7165,13
7166,22
7167,17
7168,8
7169,3
7170,7
7171,5
7172,8
7173,9
7174,10
7175,2
7176,4
7177,10
7178,5
7179,17
7180,4
7181,7
7182,4
7183,5
7184,7
7186,4
7187,6
7188,8
7189,7
7190,4
7191,5
7192,7
7193,9
7194,11
7195,5
7196,10
7197,11
7198,10
7199,16
7200,18
7201,15
7202,19
7203,6
7204,17
7205,9
7206,12
7207,16
7208,11
7209,11
7210,9
7211,9
7212,8
7213,11
7214,18
7215,20
7216,16
7217,5
7218,7
7219,13
7220,13
7221,14
7222,18
7223,14
7224,40
7225,32
7226,33
7227,36
7228,54
7229,46
7230,43
7231,14
7232,39
7233,26
7234,24
7235,40
7236,29
7237,36
7238,22
7239,33
7240,31
7241,28
7242,36
7243,42
7244,40
7245,31
7246,38
7247,32
7248,28
7249,45
7250,54
7251,38
7252,120
7253,40
7254,41
7255,33
7256,48
7257,46
7258,45
7259,26
7260,26
7261,47
7262,88
7263,28
7264,37
7265,37
7266,29
7267,13
7268,25
7269,20
7270,61
7271,35
7272,36
7273,41
7274,35
7275,30
7276,55
7277,47
7278,29
7279,48
7308,85
7309,97
7310,77
7311,69
7312,125
7313,90
7314,97
7315,319
7316,72
7317,47
7318,95
7319,175
7320,58
7321,78
7322,70
7323,55
7324,58
7325,64
7326,58
7327,68
7328,81
7329,70
7330,63
7331,65
7332,75
7333,126
7334,98
7335,87
7336,4
7337,3
7338,3
7339,1
7340,8
7341,4
7342,8
7343,3
7344,2
7345,4
7346,1
7347,4
7348,6
7349,2
7350,7
7351,3
7352,4
7353,3
7354,4
7355,5
7356,2
7357,8
7358,3
7359,3
7360,5
7361,7
7362,7
7363,13
7364,11
7365,12
7366,12
7367,10
7368,21
7369,7
7370,7
7371,3
7372,2
7373,6
7374,11
7375,7
7376,5
7377,5
7378,2
7379,7
7380,6
7381,2
7382,11
7383,2
7384,9
7385,10
7386,3
7387,9
7388,9
7389,7
7390,10
7391,7
7392,1
7393,1
7394,1
7396,8
7397,2
7398,3
7399,4
7400,1
7402,1
7403,3
7405,3
7406,1
7410,4
7412,3
7413,2
7414,1
7416,3
7417,3
7418,3
7419,6
7448,4
7449,4
7450,1
7451,2
7452,5
7453,2
7454,1
7455,2
7457,3
7458,2
7459,3
7460,3
7461,2
7462,2
7463,3
7464,3
7465,4
7466,2
7467,3
7468,3
7469,4
7470,2
7471,1
7472,3
7473,2
7474,2
7475,1
7504,1
7505,1
7506,4
7507,3
7508,4
7509,2
7510,2
7512,4
7513,1
7514,1
7515,3
7516,2
7518,2
7519,2
7520,2
7521,4
7522,1
7523,4
7524,2
7525,5
7526,2
7527,1
7528,3
7529,1
7530,3
7531,2
7588,3
7589,1
7590,7
7591,2
7592,4
7593,3
7594,4
7595,1
7597,2
7598,1
7599,3
7600,2
7602,2
7603,1
7604,4
7605,3
7608,1
7609,4
7610,3
7612,1
7613,6
7614,4
7615,3
7616,4
7617,2
7618,3
7619,3
7620,4
7621,1
7622,4
7623,2
7625,3
7627,2
7628,5
7629,2
7630,1
7631,3
7633,3
7634,2
7635,5
7636,4
7639,2
7640,5
7641,3
7642,5
7643,2
7644,4
7645,6
7646,2
7647,4
7648,2
7649,2
7650,1
7651,1
7652,3
7653,5
7655,8
7656,3
7657,1
7659,2
7660,2
7661,4
7662,1
7663,2
7665,5
7666,1
7667,4
7668,4
7669,2
7670,2
7671,4
7672,3
7674,3
7676,6
7677,2
7678,2
7679,2
7680,1
7681,1
7682,1
7683,2
7685,2
7686,1
7687,2
7688,1
7689,3
7690,2
7691,6
7692,5
7693,1
7694,4
7696,2
7697,3
7699,4
7701,4
7703,1
7704,3
7705,4
7706,2
7707,1
7708,2
7709,3
7710,4
7712,3
7713,2
7715,1
7716,2
7717,4
7718,1
7719,2
7720,2
7721,4
7723,2
7724,4
7725,1
7726,1
7727,3
7728,2
7729,5
7730,5
7731,2
7732,6
7733,6
7734,4
7735,5
7736,3
7737,3
7738,3
7739,5
7740,2
7741,4
7742,5
7743,1
7744,4
7745,5
7746,5
7747,3
7748,5
7749,4
7750,3
7751,2
7752,2
7753,5
7754,8
7755,3
7756,2
7757,3
7758,2
7759,5
7760,1
7761,2
7763,1
7764,1
7766,2
7767,3
7768,2
7769,1
7770,4
7771,4
7772,1
7773,2
7774,2
7775,1
7776,3
7777,2
7778,2
7779,1
7780,2
7781,1
7782,3
7783,3
7784,1
7785,1
7786,1
7787,5
7788,1
7789,5
7790,3
7791,2
7793,1
7794,3
7795,3
7796,2
7797,2
7798,1
7799,3
7800,1
7801,3
7802,2
7803,1
7804,3
7805,2
7806,2
7807,3
7808,1
7811,3
7812,4
7813,5
7814,6
7815,2
7816,7
7817,7
7818,10
7819,5
7820,8
7821,4
7822,3
7823,6
7824,10
7825,5
7826,5
7827,5
7828,1
7829,5
7830,9
7831,8
7832,5
7833,6
7834,3
7835,3
7836,4
7837,8
7838,9
7839,6
7840,5
7841,1
7842,2
7843,1
7844,4
7845,3
7846,6
7847,3
7848,2
7850,2
7851,4
7852,1
7853,2
7854,3
7855,2
7856,1
7857,2
7858,2
7859,10
7860,2
7862,3
7863,7
7864,3
7865,4
7866,2
7867,1
7868,1
7869,3
7870,5
7871,2
7872,12
7873,8
7874,6
7875,3
7876,1
7877,2
7878,3
7879,5
7880,4
7881,10
7882,2
7883,2
7884,1
7885,1
7886,1
7887,4
7888,5
7889,2
7890,3
7891,2
7892,4
7893,1
7894,7
7895,7
7896,16
7897,45
7898,25
7899,27
7900,54
7901,29
7902,25
7903,22
7904,26
7905,41
7906,14
7907,16
7908,27
7909,14
7910,16
7911,10
7912,12
7913,24
7914,19
7915,30
7916,26
7917,23
7918,19
7919,17
7920,21
7921,33
7922,24
7923,22
7924,7
7925,8
7926,7
7927,11
7928,14
7929,11
7930,10
7931,6
7932,8
7933,4
7934,9
7935,5
7936,6
7937,10
7938,4
7939,10
7940,3
7941,9
7942,3
7943,7
7944,6
7945,14
7946,7
7947,6
7948,7
7949,5
7950,18
7951,7
7952,6
7953,6
7954,6
7955,4
7956,11
7957,14
7958,10
7959,9
7960,4
7961,9
7962,5
7963,9
7964,7
7965,7
7966,5
7967,10
7968,5
7969,4
7970,10
7971,12
7972,5
7973,9
7974,6
7975,8
7976,3
7977,13
7978,8
7979,12
7980,27
7981,31
7982,23
7983,34
7984,41
7985,31
7986,32
7987,41
7988,28
7989,32
7990,30
7991,41
7992,26
7993,22
7994,23
7995,23
7996,24
7997,20
7998,28
7999,26
8000,18
8001,40
8002,25
8003,16
8004,12
8005,17
8006,23
8007,33
8008,37
8009,34
8010,44
8011,34
8012,41
8013,39
8014,31
8015,44
8016,28
8017,34
8018,38
8019,48
8020,40
8021,24
8022,28
8023,24
8024,33
8025,29
8026,36
8027,38
8028,27
8029,44
8030,44
8031,37
8032,33
8033,40
8034,49
8035,49
8036,42
8037,57
8038,57
8039,49
8040,54
8041,49
8042,34
8043,31
8044,48
8045,54
8046,50
8047,39
8048,41
8049,47
8050,35
8051,56
8052,52
8053,31
8054,46
8055,48
8056,45
8057,42
8058,63
8059,49
8060,46
8061,91
8062,79
8063,48
8176,1
8177,4
8178,1
8179,5
8180,5
8181,4
8182,2
8183,2
8184,3
8185,2
8186,3
8187,5
8188,5
8189,1
8190,5
8191,3
8192,5
8193,4
8194,7
8195,7
8196,2
8197,4
8199,2
8200,5
8201,8
8202,5
8203,5
8232,3
8233,1
8234,2
8235,1
8236,1
8237,5
8238,2
8239,1
8240,1
8241,3
8242,1
8244,1
8245,3
8246,3
8248,2
8249,5
8250,7
8251,1
8252,5
8253,3
8254,2
8255,3
8257,4
8258,4
8259,4
8288,2
8289,3
8290,3
8291,4
8292,3
8293,2
8294,4
8295,2
8296,1
8297,1
8299,1
8300,5
8301,2
8302,1
8303,2
8304,2
8305,1
8306,3
8307,2
8308,3
8309,1
8311,1
8312,1
8314,5
8315,2
8316,3
8317,4
8318,3
8319,2
8320,1
8321,4
8323,2
8324,2
8325,1
8326,2
8327,2
8328,4
8329,1
8330,1
8331,1
8332,4
8333,1
8334,3
8335,2
8338,1
8339,1
8340,2
8341,3
8342,1
8343,2
8344,3
8345,2
8346,2
8347,3
8348,2
8349,3
8350,1
8351,3
8352,2
8353,2
8354,2
8355,1
8356,1
8357,3
8358,1
8360,1
8362,2
8363,2
8364,2
8365,2
8366,1
8367,1
8368,2
8369,1
8370,2
8371,5
8457,1
8458,1
8459,4
8460,1
8461,3
8462,3
8463,1
8464,2
8465,1
8466,4
8467,1
8468,1
8469,1
8470,2
8473,4
8474,3
8475,4
8476,5
8477,1
8478,2
8479,2
8480,4
8481,1
8482,3
8483,2
8484,1
8485,5
8486,3
8487,1
8488,1
8489,5
8490,5
8491,2
8492,1
8493,3
8494,1
8495,4
8497,1
8498,2
8501,3
8502,3
8503,2
8504,1
8505,2
8506,2
8508,1
8509,2
8510,3
8512,2
8513,4
8514,3
8515,2
8516,3
8517,1
8518,3
8519,1
8520,2
8522,2
8523,2
8525,2
8526,1
8527,2
8529,3
8530,2
8531,1
8533,1
8534,2
8535,1
8536,3
8537,5
8538,2
8539,2
8540,1
8541,5
8542,5
8543,1
8544,2
8545,2
8546,4
8547,4
8548,1
8549,2
8550,1
8551,2
8552,5
8553,4
8554,1
8555,4
8556,2
8557,2
8558,1
8559,3
8560,5
8561,1
8563,2
8564,2
8565,3
8566,4
8567,3
8568,10
8569,6
8570,6
8571,8
8572,6
8573,5
8574,9
8575,2
8576,7
8577,4
8578,2
8579,7
8580,1
8581,7
8582,3
8583,3
8584,5
8585,5
8586,7
8587,6
8588,2
8589,2
8590,4
8591,3
8592,8
8593,12
8594,6
8595,5
8596,4
8597,11
8598,1
8599,2
8600,13
8601,1
8602,3
8603,4
8604,3
8605,3
8606,1
8607,3
8608,8
8609,3
8610,2
8611,3
8612,1
8613,3
8614,3
8615,4
8616,7
8618,4
8619,2
8620,8
8621,6
8622,8
8623,4
8625,8
8626,3
8627,2
8628,3
8629,3
8630,7
8631,2
8632,2
8633,6
8634,3
8635,3
8637,3
8638,2
8639,3
8640,3
8642,5
8643,3
8644,5
8645,4
8646,4
8647,3
8648,2
8649,1
8650,4
8651,6
8652,5
8653,4
8654,5
8655,5
8656,4
8657,8
8658,1
8659,1
8660,5
8661,6
8662,5
8663,6
8664,4
8665,3
8666,3
8667,3
8668,4
8669,4
8670,4
8671,2
8672,8
8673,7
8674,4
8675,4
8676,4
8677,9
8678,7
8679,6
8680,12
8681,15
8682,9
8683,4
8684,8
8685,7
8686,20
8687,12
8688,10
8689,8
8690,8
8691,12
8692,8
8693,14
8694,7
8695,7
8696,9
8697,5
8698,5
8699,12
8700,6
8701,11
8702,7
8703,10
8704,4
8705,6
8706,9
8707,7
8708,4
8709,8
8710,5
8711,4
8712,8
8713,6
8714,4
8715,2
8716,3
8717,1
8718,3
8719,3
8720,7
8721,9
8722,7
8723,3
8724,3
8725,2
8727,3
8728,4
8729,3
8730,2
8731,5
8732,2
8733,4
8734,5
8735,6
8736,26
8737,28
8738,18
8739,37
8740,34
8741,55
8742,29
8743,27
8744,36
8745,31
8746,43
8747,42
8748,30
8749,30
8750,33
8751,29
8752,29
8753,43
8754,40
8755,30
8756,35
8757,39
8758,27
8759,29
8760,34
8761,44
8762,44
8763,48
8764,35
8765,54
8766,41
8767,28
8768,74
8769,44
8770,47
8771,39
8772,52
8773,38
8774,44
8775,49
8776,44
8777,29
8778,50
8779,29
8780,46
8781,42
8782,61
8783,43
8784,38
8785,35
8786,43
8787,48
8788,40
8789,39
8790,53
8791,34
8792,43
8793,40
8794,82
8795,37
8796,50
8797,48
8798,64
8799,28
8800,41
8801,32
8802,25
8803,43
8804,36
8805,49
8806,40
8807,46
8808,31
8809,40
8810,39
8811,42
8812,38
8813,51
8814,42
8815,44
8816,44
8817,46
8818,41
8819,71
8820,30
8821,38
8822,41
8823,43
8824,43
8825,41
8826,41
8827,26
8828,31
8829,27
8830,45
8831,57
8832,37
8833,53
8834,37
8835,28
8836,25
8837,33
8838,54
8839,37
8840,40
8841,34
8842,35
8843,47
8844,50
8845,36
8846,45
8847,33
8848,85
8849,61
8850,49
8851,51
8852,111
8853,66
8854,48
8855,56
8856,54
8857,73
8858,109
8859,71
8860,58
8861,51
8862,33
8863,39
8864,52
8865,39
8866,98
8867,58
8868,52
8869,47
8870,50
8871,61
8872,65
8873,61
8874,76
8875,53
8876,42
8877,63
8878,36
8879,43
8880,46
8881,56
8882,50
8883,38
8884,38
8885,48
8886,42
8887,39
8888,50
8889,50
8890,44
8891,34
8892,40
8893,49
8894,37
8895,44
8896,45
8897,53
8898,47
8899,42
8900,43
8901,58
8902,60
8903,66
8904,20
8905,14
8906,14
8907,17
8908,23
8909,16
8910,19
8911,22
8912,49
8913,12
8914,20
8915,19
8916,17
8917,15
8918,16
8919,20
8920,13
8921,21
8922,15
8923,35
8924,19
8925,45
8926,19
8927,22
8928,20
8929,21
8930,28
8931,30
9016,9
9017,5
9018,1
9019,6
9020,5
9021,3
9022,5
9023,6
9024,1
9025,5
9026,3
9027,4
9028,5
9029,7
9030,8
9031,3
9032,5
9033,4
9034,5
9035,4
9036,2
9037,5
9038,4
9039,5
9041,4
9042,8
9043,10
9044,2
9045,1
9046,2
9047,3
9048,5
9049,1
9050,3
9051,2
9052,1
9053,2
9054,3
9055,3
9056,2
9057,4
9058,3
9059,2
9060,2
9061,2
9062,2
9063,2
9064,3
9065,2
9066,2
9067,2
9068,4
9069,2
9070,3
9071,5
9156,3
9157,2
9158,5
9159,2
9160,5
9161,3
9162,4
9164,4
9165,2
9166,4
9167,3
9168,3
9169,2
9170,1
9171,3
9172,2
9173,2
9174,1
9175,2
9176,3
9177,2
9178,3
9179,2
9180,3
9181,2
9182,7
9183,1
9296,3
9297,2
9298,1
9300,5
9302,2
9303,1
9304,3
9305,4
9306,1
9307,3
9308,4
9311,1
9312,3
9314,3
9315,3
9316,3
9317,1
9318,1
9319,2
9320,2
9321,3
9322,4
9323,3
9324,3
9325,4
9326,1
9327,2
9328,2
9329,7
9330,4
9331,1
9332,2
9333,2
9334,1
9335,2
9336,3
9337,2
9338,1
9339,2
9341,2
9345,1
9346,1
9347,2
9348,4
9349,1
9350,3
9351,2
9352,3
9353,2
9354,2
9355,2
9356,2
9357,5
9358,5
9359,1
9360,1
9361,1
9362,3
9363,3
9364,4
9365,4
9367,4
9368,2
9370,5
9371,4
9372,2
9373,3
9374,2
9375,1
9376,4
9377,2
9378,1
9379,2
9380,5
9381,3
9382,1
9383,1
9384,2
9385,4
9386,4
9387,2
9388,2
9390,1
9391,3
9392,2
9393,5
9394,2
9395,4
9396,1
9397,1
9398,7
9400,2
9401,2
9402,2
9403,2
9404,4
9405,2
9406,4
9407,3
9408,2
9409,2
9410,2
9411,1
9412,5
9413,6
9414,1
9415,2
9416,2
9417,2
9419,1
9420,2
9421,2
9422,2
9423,2
9424,2
9425,2
9426,3
9428,1
9429,4
9430,2
9431,3
9432,2
9433,1
9434,2
9435,2
9436,6
9437,13
9438,7
9439,25
9440,18
9441,19
9442,14
9443,14
9444,8
9445,6
9446,6
9447,14
9448,14
9449,26
9450,19
9451,8
9452,10
9453,3
9454,14
9455,8
9456,14
9457,7
9458,9
9459,13
9460,9
9461,20
9462,15
9463,16
9464,28
9465,18
9466,66
9467,17
9468,646
9469,26
9470,21
9471,22
9472,13
9473,46
9474,19
9475,17
9476,14
9477,21
9478,13
9479,13
9480,5
9481,21
9482,13
9483,27
9484,22
9485,28
9486,22
9487,63
9488,19
9489,14
9490,25
9491,31
9492,5
9493,3
9494,3
9495,5
9496,6
9498,2
9499,1
9500,2
9501,5
9502,4
9503,1
9504,2
9505,4
9506,3
9507,2
9508,2
9509,5
9510,5
9511,1
9512,1
9513,5
9514,4
9515,5
9516,4
9517,5
9518,2
9519,3
9520,9
9521,9
9522,5
9523,6
9524,9
9525,13
9526,10
9527,4
9528,8
9529,5
9530,2
9531,5
9532,9
9533,10
9534,9
9535,8
9536,6
9537,3
9538,5
9539,6
9540,5
9541,10
9542,15
9543,7
9544,8
9545,7
9546,9
9547,7
9548,9
9549,6
9550,9
9551,10
9552,5
9553,11
9554,14
9555,4
9556,9
9557,4
9558,10
9559,4
9560,9
9561,10
9562,3
9563,11
9564,5
9565,6
9566,5
9567,5
9568,3
9569,7
9570,8
9571,4
9572,6
9573,9
9574,14
9575,14
9576,48
9577,51
9578,36
9579,39
9580,52
9581,48
9582,53
9583,37
9584,104
9585,32
9586,32
9587,37
9588,24
9589,37
9590,33
9591,54
9592,18
9593,27
9594,34
9595,29
9596,36
9597,30
9598,47
9599,29
9600,35
9601,37
9602,51
9603,46
9604,55
9605,52
9606,34
9607,36
9608,55
9609,60
9610,38
9611,31
9612,49
9613,49
9614,35
9615,71
9616,40
9617,38
9618,31
9619,36
9620,35
9621,41
9622,51
9623,42
9624,41
9625,45
9626,37
9627,52
9628,40
9629,69
9630,47
9631,47
9632,33
9633,53
9634,43
9635,28
9636,44
9637,38
9638,54
9639,25
9640,36
9641,26
9642,25
9643,68
9644,38
9645,36
9646,33
9647,41
9648,31
9649,33
9650,39
9651,47
9652,39
9653,30
9654,35
9655,31
9656,39
9657,39
9658,57
9659,62
9660,39
9661,46
9662,30
9663,33
9664,56
9665,29
9666,28
9667,37
9668,23
9669,15
9670,30
9671,43
9672,36
9673,28
9674,22
9675,22
9676,21
9677,19
9678,31
9679,24
9680,23
9681,28
9682,28
9683,25
9684,28
9685,23
9686,38
9687,35
9688,1
9689,5
9690,5
9691,4
9692,7
9693,3
9694,7
9695,2
9696,4
9697,3
9698,7
9699,4
9700,5
9701,4
9702,6
9703,5
9704,4
9705,2
9706,8
9707,3
9708,4
9709,5
9710,2
9712,7
9713,5
9714,7
9715,3
9716,161
9717,160
9718,104
9719,112
9720,350
9721,134
9722,102
9723,67
9724,96
9725,145
9726,94
9727,116
9728,156
9729,94
9730,62
9731,64
9732,95
9733,84
9734,81
9735,91
9736,100
9737,98
9738,83
9739,77
9740,85
9741,90
9742,112
9743,109
9744,39
9745,31
9746,21
9747,16
9748,22
9749,30
9750,33
9751,18
9752,10
9753,14
9754,42
9755,46
9756,21
9757,26
9758,16
9759,8
9760,11
9761,30
9762,39
9763,18
9764,21
9765,26
9766,15
9767,17
9768,24
9769,22
9770,28
9771,36
9856,1
9857,2
9858,2
9859,2
9860,2
9861,5
9862,3
9863,3
9864,3
9865,2
9866,8
9867,1
9868,4
9869,4
9870,2
9871,1
9872,2
9873,4
9874,3
9875,1
9876,2
9877,7
9878,3
9879,5
9880,5
9881,3
9882,3
9883,2
9912,4
9913,1
9914,2
9915,1
9916,3
9917,4
9918,4
9920,2
9921,3
9922,2
9923,1
9924,3
9925,1
9926,1
9927,3
9928,2
9929,4
9930,2
9931,5
9932,1
9933,3
9934,1
9935,2
9936,1
9937,5
9938,3
9939,4
9996,1
9997,3
9998,1
9999,3
10000,3
10001,2
10002,2
10003,2
10004,2
10005,2
10006,3
10007,1
10008,3
10009,1
10011,1
10012,1
10013,4
10014,2
10015,3
10016,2
10017,1
10020,5
10021,1
10022,2
10023,1
10136,1
10137,1
10140,2
10141,4
10142,3
10143,2
10144,2
10145,3
10146,1
10147,2
10149,3
10150,1
10151,1
10152,2
10154,5
10155,2
10156,1
10157,2
10158,2
10161,3
10162,1
10163,2
10164,2
10165,1
10166,2
10167,1
10168,1
10169,2
10170,6
10171,1
10172,1
10173,2
10174,1
10175,2
10176,3
10177,2
10179,2
10181,3
10182,1
10183,2
10184,1
10185,4
10186,2
10187,5
10188,4
10189,4
10190,4
10191,4
10192,5
10193,7
10194,4
10195,2
10196,2
10197,5
10199,1
10200,1
10202,2
10203,2
10204,4
10205,3
10207,3
10208,1
10209,2
10210,3
10211,1
10212,1
10213,2
10214,5
10215,2
10216,3
10217,4
10218,2
10219,3
10220,3
10221,6
10222,2
10224,4
10225,2
10226,5
10227,2
10228,3
10229,2
10230,3
10231,5
10232,2
10234,1
10236,2
10237,4
10238,2
10239,1
10240,3
10241,3
10243,4
10244,3
10245,6
10246,4
10247,1
10248,6
10249,2
10250,3
10251,2
10252,4
10253,2
10255,1
10256,1
10257,1
10258,5
10259,1
10260,3
10261,2
10262,3
10263,2
10264,3
10265,2
10267,1
10268,5
10269,3
10270,2
10272,1
10273,2
10274,1
10275,2
10276,3
10277,2
10278,3
10279,2
10280,2
10281,3
10282,2
10283,1
10284,3
10285,3
10286,2
10287,3
10288,2
10289,3
10290,1
10291,2
10292,1
10293,5
10295,2
10296,2
10297,5
10298,1
10299,4
10300,3
10301,3
10303,6
10304,5
10305,9
10306,3
10307,6
10308,9
10309,10
10310,3
10311,2
10312,5
10313,11
10314,4
10315,2
10316,5
10317,3
10318,2
10319,7
10320,2
10321,5
10322,8
10323,4
10324,7
10325,3
10326,2
10327,7
10328,2
10329,3
10330,3
10331,8
10332,17
10333,18
10334,18
10335,5
10336,15
10337,10
10338,14
10339,10
10340,17
10341,18
10342,8
10343,14
10344,23
10345,11
10346,4
10347,7
10348,7
10349,4
10350,3
10351,5
10352,10
10353,11
10354,5
10355,8
10356,11
10357,19
10358,12
10359,8
10360,27
10361,26
10362,34
10363,25
10364,58
10365,48
10366,47
10367,35
10368,19
10369,17
10370,23
10371,40
10372,35
10373,34
10374,33
10375,24
10376,26
10377,33
10378,63
10379,38
10380,45
10381,33
10382,26
10383,35
10384,26
10385,64
10386,59
10387,50
10388,18
10389,19
10390,16
10391,32
10392,34
10393,20
10394,21
10395,11
10396,7
10397,36
10398,29
10399,37
10400,12
10401,23
10402,21
10403,12
10404,14
10405,17
10406,23
10407,17
10408,24
10409,20
10410,19
10411,13
10412,17
10413,26
10414,15
10415,30
10416,36
10417,50
10418,66
10419,106
10420,88
10421,65
10422,44
10423,51
10424,39
10425,57
10426,56
10427,54
10428,42
10429,61
10430,50
10431,43
10432,42
10433,33
10434,50
10435,47
10436,43
10437,55
10438,46
10439,55
10440,51
10441,58
10442,65
10443,59
10444,61
10445,76
10446,81
10447,97
10448,107
10449,87
10450,70
10451,63
10452,77
10453,133
10454,74
10455,121
10456,80
10457,82
10458,51
10459,68
10460,63
10461,64
10462,73
10463,62
10464,68
10465,74
10466,62
10467,66
10468,67
10469,92
10470,140
10471,105
10472,79
10473,76
10474,83
10475,146
10476,152
10477,93
10478,74
10479,86
10480,320
10481,99
10482,46
10483,134
10484,87
10485,84
10486,63
10487,114
10488,88
10489,82
10490,91
10491,108
10492,88
10493,83
10494,92
10495,93
10496,84
10497,94
10498,120
10499,119
10500,106
10501,81
10502,114
10503,101
10504,103
10505,82
10506,93
10507,192
10508,120
10509,86
10510,91
10511,109
10512,75
10513,77
10514,53
10515,69
10516,80
10517,79
10518,116
10519,99
10520,64
10521,68
10522,77
10523,82
10524,86
10525,118
10526,125
10527,117
10528,87
10529,141
10530,102
10531,88
10532,110
10533,80
10534,64
10535,42
10536,60
10537,62
10538,60
10539,76
10540,64
10541,65
10542,47
10543,55
10544,60
10545,45
10546,83
10547,65
10548,68
10549,58
10550,55
10551,46
10552,65
10553,95
10554,64
10555,70
10556,15
10557,10
10558,9
10559,19
10560,30
10561,27
10562,22
10563,5
10564,15
10565,24
10566,45
10567,15
10568,13
10569,24
10570,11
10571,12
10572,9
10573,11
10574,19
10575,18
10576,18
10577,14
10578,10
10579,4
10580,16
10581,17
10582,25
10583,23
10584,24
10585,27
10586,32
10587,25
10588,29
10589,37
10590,38
10591,38
10592,23
10593,18
10594,28
10595,29
10596,41
10597,30
10598,44
10599,24
10600,37
10601,42
10602,38
10603,40
10604,37
10605,30
10606,32
10607,32
10608,37
10609,47
10610,46
10611,38
10612,56
10613,43
10614,54
10615,33
10616,33
10617,43
10618,37
10619,32
10620,35
10621,24
10622,31
10623,49
10624,35
10625,33
10626,31
10627,32
10628,28
10629,30
10630,42
10631,27
10632,31
10633,33
10634,36
10635,37
10636,35
10637,46
10638,48
10639,55
10640,22
10641,25
10642,49
10643,33
10644,25
10645,35
10646,36
10647,30
10648,35
10649,20
10650,17
10651,37
10652,25
10653,24
10654,25
10655,40
10656,65
10657,23
10658,28
10659,25
10660,32
10661,33
10662,24
10663,28
10664,24
10665,49
10666,42
10667,42
10668,10
10669,12
10670,11
10671,11
10672,15
10673,15
10674,14
10675,10
10676,7
10677,16
10678,3
10679,16
10680,8
10681,7
10682,11
10683,7
10684,3
10685,6
10686,16
10687,11
10688,16
10689,11
10690,11
10691,5
10692,8
10693,15
10694,23
10695,18
10696,11
10697,13
10698,24
10699,32
10700,23
10701,14
10702,13
10703,13
10704,15
10705,26
10706,9
10707,22
10708,10
10709,24
10710,14
10711,8
10712,13
10713,14
10714,16
10715,13
10716,17
10717,11
10718,9
10719,11
10720,19
10721,24
10722,17
10723,20
10780,1
10781,2
10782,4
10783,5
10784,1
10785,3
10786,3
10787,2
10788,1
10789,2
10790,3
10791,3
10792,1
10793,2
10794,3
10795,4
10796,2
10797,3
10798,1
10799,2
10801,5
10804,1
10805,5
10806,2
10807,3
10808,4
10809,4
10811,2
10813,5
10814,1
10815,2
10816,3
10817,1
10818,3
10819,1
10820,1
10821,3
10823,1
10824,3
10825,2
10826,1
10828,1
10829,3
10830,2
10832,3
10833,2
10834,2
10835,3
11004,3
11005,5
11006,1
11007,3
11008,2
11009,3
11010,4
11011,2
11012,1
11013,3
11015,1
11016,1
11017,3
11018,1
11019,2
11020,4
11021,4
11022,2
11023,1
11024,4
11025,1
11027,3
11028,2
11030,3
11031,1
11032,2
11033,2
11034,2
11036,6
11037,4
11038,3
11040,2
11041,1
11042,4
11043,4
11044,2
11045,1
11046,4
11047,1
11049,3
11050,1
11051,3
11052,1
11053,1
11054,1
11056,2
11057,1
11058,4
11059,1
11060,1
11061,2
11062,2
11063,2
11064,4
11065,2
11066,7
11067,2
11068,2
11069,2
11070,1
11071,2
11072,2
11073,4
11074,4
11075,1
11077,3
11078,4
11080,3
11081,4
11082,2
11083,4
11084,4
11085,5
11086,2
11087,3
11088,5
11089,2
11090,2
11091,1
11092,3
11093,1
11094,7
11095,2
11096,2
11099,2
11100,2
11101,2
11103,4
11104,2
11105,2
11106,2
11107,1
11108,2
11109,3
11110,4
11111,5
11112,5
11113,2
11114,3
11115,3
11116,3
11117,2
11118,1
11119,3
11120,3
11121,2
11122,1
11123,6
11127,2
11128,2
11129,1
11130,1
11131,1
11132,3
11133,1
11134,1
11135,1
11136,1
11137,3
11138,6
11139,3
11140,5
11141,2
11142,5
11143,3
11144,4
11145,3
11146,2
11147,4
11148,5
11149,2
11150,3
11152,6
11153,1
11154,1
11155,1
11156,3
11157,1
11158,2
11159,5
11160,1
11161,3
11162,4
11163,2
11164,1
11165,3
11166,1
11167,2
11168,2
11169,2
11170,1
11171,3
11172,3
11173,10
11174,3
11175,7
11176,15
11177,8
11178,10
11179,3
11180,2
11181,7
11182,9
11183,8
11184,6
11185,8
11186,3
11187,8
11188,8
11189,3
11190,7
11191,6
11192,11
11193,6
11194,6
11195,5
11196,6
11197,8
11198,10
11199,8
11200,9
11201,12
11202,10
11203,8
11204,15
11205,3
11206,9
11207,3
11208,9
11209,9
11210,9
11211,3
11212,7
11213,4
11214,6
11215,5
11216,3
11217,3
11218,12
11219,11
11220,6
11221,4
11222,6
11223,5
11224,8
11225,8
11226,2
11227,12
11228,8
11229,7
11230,7
11231,18
11232,28
11233,8
11234,14
11235,9
11236,14
11237,3
11238,7
11239,6
11240,10
11241,11
11242,8
11243,6
11244,5
11245,15
11246,8
11247,12
11248,6
11249,8
11250,10
11251,12
11252,7
11253,8
11254,6
11255,14
11256,45
11257,25
11258,30
11259,30
11260,52
11261,37
11262,33
11263,23
11264,36
11265,34
11266,29
11267,46
11268,30
11269,41
11270,27
11271,29
11272,40
11273,36
11274,35
11275,39
11276,43
11277,41
11278,27
11279,30
11280,37
11281,49
11282,53
11283,54
11284,89
11285,100
11286,122
11287,89
11288,154
11289,110
11290,103
11291,116
11292,228
11293,88
11294,317
11295,312
11296,133
11297,86
11298,72
11299,78
11300,70
11301,97
11302,86
11303,110
11304,100
11305,128
11306,103
11307,94
11308,81
11309,139
11310,128
11311,233
11312,255
11313,227
11314,287
11315,248
11316,269
11317,194
11318,234
11319,429
11320,192
11321,307
11322,256
11323,756
11324,53390
11325,195
11326,161
11327,205
11328,190
11329,143
11330,373
11331,553
11332,246
11333,208
11334,195
11335,272
11336,219
11337,289
11338,385
11339,514
11340,57
11341,105
11342,123
11343,67
11344,109
11345,69
11346,74
11347,62
11348,53
11349,86
11350,89
11351,88
11352,90
11353,95
11354,37
11355,54
11356,104
11357,90
11358,81
11359,97
11360,100
11361,72
11362,71
11363,10305
11364,92
11365,109
11366,91
11367,111
11397,3
11398,5
11399,1
11400,5
11401,5
11402,3
11403,2
11404,1
11405,1
11406,2
11407,4
11408,4
11409,1
11410,3
11411,1
11412,3
11413,5
11414,6
11415,5
11416,3
11417,5
11418,4
11419,1
11420,1
11421,2
11422,1
11423,2
11424,4
11425,2
11426,6
11427,3
11428,9
11429,4
11430,5
11431,1
11432,4
11433,4
11434,3
11435,4
11436,5
11437,3
11438,2
11439,1
11440,1
11441,2
11442,6
11443,1
11444,8
11445,4
11446,2
11447,3
11448,5
11449,8
11450,3
11451,2
11452,12
11453,11
11454,24
11455,21
11456,27
11457,17
11458,20
11459,8
11460,18
11461,17
11462,17
11463,42
11464,18
11465,10
11466,17
11467,22
11468,18
11469,20
11470,24
11471,16
11472,8
11473,15
11474,16
11475,14
11476,15
11477,23
11478,15
11479,29
11480,16
11481,19
11482,16
11483,10
11484,17
11485,19
11486,21
11487,35
11488,22
11489,10
11490,9
11491,27
11492,22
11493,13
11494,11
11495,14
11496,12
11497,11
11498,20
11499,16
11500,8
11501,12
11502,15
11503,7
11504,18
11505,14
11506,17
11507,18
11508,6
11509,11
11510,5
11511,6
11512,7
11513,7
11514,11
11515,5
11516,6
11517,5
11518,6
11519,5
11520,6
11521,5
11522,15
11523,13
11524,2
11525,7
11526,9
11527,3
11528,5
11529,4
11530,5
11531,9
11532,8
11533,8
11534,15
11535,4
11536,4
11537,3
11538,4
11539,2
11540,2
11541,2
11542,2
11544,4
11545,4
11547,4
11548,2
11549,1
11550,1
11551,2
11552,2
11553,3
11555,1
11556,2
11557,2
11558,2
11559,1
11560,1
11561,1
11562,5
11563,1
11564,2
11565,12
11566,20
11567,15
11568,8
11569,7
11570,6
11571,5
11572,2
11573,5
11574,5
11575,4
11576,4
11577,10
11578,3
11579,5
11581,6
11582,6
11583,2
11584,14
11585,4
11586,5
11587,12
11588,2
11589,6
11590,9
11591,6
11592,67
11593,57
11594,63
11595,54
11596,160
11597,110
11598,94
11599,53
11600,49
11601,46
11602,48
11603,104
11604,82
11605,34
11606,48
11607,35
11608,20
11609,36
11610,97
11611,60
11612,57
11613,71
11614,49
11615,37
11616,52
11617,149
11618,140
11619,71
11620,2
11621,1
11622,3
11623,2
11624,2
11625,3
11628,2
11629,10
11630,6
11631,5
11632,5
11633,3
11634,5
11635,5
11636,2
11637,1
11638,5
11639,4
11640,6
11641,2
11642,2
11643,2
11644,4
11645,2
11646,3
11647,4
11844,3
11845,1
11846,2
11847,2
11848,3
11849,2
11850,4
11851,4
11852,3
11853,2
11855,2
11856,1
11857,1
11858,5
11861,2
11862,6
11863,1
11864,4
11865,5
11866,2
11867,4
11868,5
11869,3
11870,5
11871,3
11872,1
11873,2
11874,1
11875,3
11876,5
11877,1
11878,5
11881,2
11882,1
11883,5
11884,4
11885,1
11886,1
11887,2
11888,2
11889,5
11890,5
11891,4
11892,1
11893,1
11894,5
11895,3
11896,4
11897,1
11898,2
11899,3
11900,2
11901,3
11902,2
11903,4
11904,4
11905,2
11906,2
11907,1
11909,2
11910,2
11911,4
11912,4
11913,1
11915,1
11916,1
11917,2
11918,4
11919,2
11920,1
11921,5
11922,2
11923,3
11924,3
11925,2
11926,5
11927,3
11928,1
11930,5
11932,1
11933,3
11934,6
11937,3
11938,1
11939,2
11940,2
11941,2
11942,1
11945,3
11946,2
11948,2
11949,4
11950,1
11952,6
11953,3
11954,3
11955,2
11957,1
11958,2
11959,1
11960,4
11961,6
11962,1
11963,1
11964,1
11967,3
11968,3
11969,3
11970,3
11971,2
11974,1
11975,3
11976,5
11977,1
11978,4
11979,1
11980,5
11981,2
11982,1
11983,5
11984,2
11985,4
11986,3
11987,2
11988,2
11989,4
11990,4
11992,2
11994,3
11995,1
11996,3
11997,1
11998,3
11999,1
12000,1
12001,1
12002,3
12003,4
12004,1
12005,4
12006,3
12007,5
12008,2
12009,3
12010,4
12011,7
12012,13
12013,12
12014,13
12015,25
12016,7
12017,6
12018,18
12019,15
12020,12
12021,10
12022,3
12023,4
12024,8
12025,11
12026,10
12027,7
12028,7
12029,4
12030,9
12031,11
12032,10
12033,7
12034,9
12035,7
12036,11
12037,11
12038,7
12039,11
12040,1
12041,2
12044,5
12045,2
12046,6
12047,3
12048,2
12049,2
12050,1
12051,3
12052,4
12054,1
12055,1
12056,1
12057,3
12058,4
12059,1
12060,2
12061,3
12062,1
12065,9
12066,6
12067,4
12096,44
12097,67
12098,55
12099,44
12100,53
12101,69
12102,55
12103,26
12104,28
12105,37
12106,44
12107,209
12108,46
12109,42
12110,30
12111,23
12112,22
12113,35
12114,52
12115,53
12116,60
12117,32
12118,24
12119,31
12120,50
12121,39
12122,84
12123,76
12124,66
12125,44
12126,43
12127,42
12128,73
12129,51
12130,52
12131,80
12132,54
12133,63
12134,39
12135,86
12136,54
12137,54
12138,49
12139,46
12140,47
12141,49
12142,61
12143,59
12144,54
12145,51
12146,55
12147,46
12148,47
12149,60
12150,76
12151,89
12152,47
12153,53
12154,61
12155,45
12156,60
12157,40
12158,55
12159,38
12160,37
12161,25
12162,23
12163,58
12164,70
12165,48
12166,49
12167,42
12168,40
12169,45
12170,65
12171,74
12172,63
12173,42
12174,42
12175,53
12176,40
12177,68
12178,65
12179,65
12180,57
12181,69
12182,75
12183,86
12184,97
12185,77
12186,79
12187,70
12188,58
12189,61
12190,59
12191,102
12192,69
12193,81
12194,60
12195,43
12196,68
12197,51
12198,104
12199,66
12200,62
12201,70
12202,76
12203,53
12204,55
12205,88
12206,93
12207,68
12208,60
12209,68
12210,35
12211,48
12212,44
12213,39
12214,57
12215,30
12216,37
12217,32
12218,58
12219,30
12220,66
12221,50
12222,31
12223,36
12224,23
12225,32
12226,45
12227,42
12228,54
12229,41
12230,45
12231,35
12232,45
12233,55
12234,67
12235,59
12292,4
12293,2
12294,1
12295,2
12296,2
12297,7
12298,4
12299,3
12300,1
12301,7
12302,4
12303,4
12304,1
12305,2
12306,4
12307,3
12308,3
12311,4
12312,3
12313,1
12314,3
12315,3
12316,3
12317,2
12318,9
12319,4
12320,2
12321,4
12322,5
12323,7
12324,5
12325,2
12326,4
12327,3
12328,4
12329,3
12330,3
12331,3
12332,2
12333,4
12334,2
12335,4
12336,1
12337,2
12338,4
12339,4
12340,3
12341,4
12342,4
12343,3
12344,8
12345,5
12346,4
12347,6
12376,2
12377,4
12378,5
12379,3
12380,6
12381,6
12382,4
12383,3
12384,3
12385,1
12386,3
12387,1
12388,5
12390,2
12392,6
12393,3
12394,1
12395,2
12396,3
12397,5
12398,2
12400,1
12401,1
12402,5
12403,2
12404,9
12405,15
12406,13
12407,8
12408,15
12409,13
12410,8
12411,8
12412,10
12413,4
12414,4
12415,13
12416,8
12417,8
12418,7
12419,8
12420,5
12421,11
12422,8
12423,8
12424,10
12425,9
12426,9
12427,5
12428,10
12429,9
12430,10
12431,11
12432,27
12433,15
12434,28
12435,35
12436,42
12437,31
12438,54
12439,30
12440,29
12441,27
12442,18
12443,30
12444,22
12445,36
12446,29
12447,32
12448,24
12449,31
12450,25
12451,37
12452,42
12453,31
12454,23
12455,39
12456,22
12457,29
12458,36
12459,35
12460,1
12461,3
12462,1
12463,5
12464,2
12465,3
12467,4
12468,1
12470,1
12471,1
12472,6
12473,1
12474,3
12475,3
12476,1
12477,4
12479,3
12480,1
12481,3
12482,2
12483,1
12484,1
12485,3
12487,3
12684,3
12685,2
12686,4
12687,2
12688,2
12689,4
12690,2
12693,1
12694,3
12695,1
12696,5
12697,1
12698,1
12699,3
12703,2
12704,1
12705,5
12707,1
12708,1
12709,2
12710,2
12711,2
12712,3
12713,4
12714,3
12715,3
12716,3
12717,2
12718,3
12719,6
12720,2
12721,5
12722,3
12723,8
12724,3
12725,3
12726,5
12727,2
12728,4
12729,1
12730,2
12731,3
12732,4
12733,3
12734,3
12735,3
12736,3
12737,1
12738,2
12739,2
12740,1
12741,1
12742,4
12743,3
12744,2
12745,2
12746,6
12747,2
12748,4
12749,2
12750,3
12751,1
12753,1
12754,1
12755,2
12756,3
12757,1
12758,6
12759,2
12760,2
12761,4
12762,3
12763,1
12764,2
12765,1
12766,4
12767,3
12768,4
12769,2
12770,1
12771,5
12772,4
12773,5
12774,7
12775,3
12777,1
12778,2
12779,2
12780,4
12781,1
12782,3
12783,2
12784,2
12786,2
12787,6
12788,2
12789,4
12790,2
12791,2
12792,3
12793,4
12794,3
12795,5
12796,3
12797,4
12798,1
12799,3
12800,3
12801,2
12802,3
12803,2
12804,2
12805,1
12806,1
12807,4
12808,5
12809,4
12814,5
12815,4
12816,2
12817,2
12821,2
12822,4
12823,5
12824,1
12825,3
12826,2
12827,2
12828,3
12829,2
12830,3
12831,5
12832,2
12833,3
12835,2
12836,1
12837,3
12838,2
12839,2
12840,2
12841,3
12842,3
12843,3
12844,5
12845,3
12846,3
12847,3
12848,2
12849,3
12850,3
12851,3
12852,1
12853,4
12854,3
12855,4
12856,8
12857,5
12858,6
12859,2
12860,2
12861,1
12862,5
12863,3
12864,6
12865,1
12866,1
12868,1
12869,2
12870,3
12871,3
12872,2
12873,1
12874,3
12875,2
12876,4
12877,7
12878,3
12879,5
12880,2
12881,3
12882,3
12883,5
12884,2
12885,6
12886,3
12888,1
12889,2
12890,1
12891,4
12892,1
12893,2
12894,4
12896,2
12897,1
12898,5
12899,3
12900,2
12901,1
12902,2
12903,3
12904,1
12905,4
12906,2
12907,4
12908,26
12909,38
12910,20
12911,12
12912,28
12913,25
12914,20
12915,21
12916,20
12917,16
12918,8
12919,15
12920,17
12921,28
12922,28
12923,17
12924,4
12925,14
12926,18
12927,14
12928,24
12929,15
12930,33
12931,28
12932,20
12933,22
12934,28
12935,19
12936,11
12937,25
12938,10
12939,13
12940,32
12941,24
12942,14
12943,10
12944,11
12945,13
12946,14
12947,21
12948,19
12949,12
12950,5
12951,15
12952,10
12953,9
12954,20
12955,14
12956,12
12957,15
12958,10
12959,12
12960,10
12961,14
12962,29
12963,11
12964,35
12965,34
12966,39
12967,35
12968,54
12969,37
12970,38
12971,21
12972,43
12973,63
12974,25
12975,24
12976,32
12977,46
12978,27
12979,30
12980,21
12981,29
12982,35
12983,38
12984,34
12985,41
12986,21
12987,22
12988,37
12989,30
12990,43
12991,38
12992,25
12993,40
12994,43
12995,33
12996,69
12997,41
12998,31
12999,47
13000,26
13001,34
13002,38
13003,59
13004,45
13005,53
13006,36
13007,33
13008,36
13009,43
13010,61
13011,47
13012,29
13013,38
13014,38
13015,48
13016,43
13017,68
13018,50
13019,52
13020,19
13021,17
13022,16
13023,19
13024,18
13025,15
13026,19
13027,12
13028,16
13029,13
13030,17
13031,6
13032,23
13033,27
13034,13
13035,6
13036,14
13037,17
13038,10
13039,15
13040,23
13041,18
13042,13
13043,13
13044,16
13045,23
13046,24
13047,13
13048,20
13049,14
13050,32
13051,18
13052,35
13053,17
13054,18
13055,8
13056,15
13057,16
13058,10
13059,22
13060,25
13061,25
13062,19
13063,11
13064,11
13065,16
13066,47
13067,25
13068,30
13069,21
13070,25
13071,9
13072,20
13073,29
13074,30
13075,34
13076,5
13077,7
13078,9
13079,4
13080,5
13081,7
13082,10
13083,2
13084,4
13085,5
13087,2
13088,3
13089,4
13090,1
13091,3
13092,3
13093,9
13094,7
13095,4
13096,8
13097,5
13098,3
13099,5
13100,7
13101,7
13102,8
13103,5
13160,6
13161,5
13162,5
13163,5
13164,5
13165,1
13166,6
13167,7
13168,3
13169,3
13170,5
13171,4
13172,3
13173,2
13174,5
13175,4
13177,4
13178,5
13179,1
13180,1
13181,1
13182,2
13183,1
13184,5
13185,4
13186,2
13187,5
13216,4
13217,5
13218,5
13219,2
13220,7
13221,7
13222,4
13223,3
13224,5
13225,4
13226,1
13227,6
13228,5
13229,4
13230,3
13232,3
13234,4
13235,6
13236,3
13237,5
13238,2
13239,3
13240,7
13241,4
13242,3
13243,7
13244,23
13245,38
13246,33
13247,25
13248,33
13249,25
13250,29
13251,23
13252,20
13253,13
13254,12
13255,33
13256,22
13257,51
13258,36
13259,19
13260,28
13261,16
13262,30
13263,19
13264,24
13265,25
13266,39
13267,14
13268,23
13269,27
13270,31
13271,22
13272,3
13273,6
13274,2
13275,4
13276,7
13277,11
13278,5
13279,3
13280,5
13281,5
13282,3
13283,9
13284,1
13285,8
13286,8
13287,4
13288,1
13289,7
13290,5
13291,10
13292,8
13293,6
13294,3
13295,5
13296,5
13297,6
13298,6
13299,4
13300,4
13301,2
13302,1
13303,3
13304,2
13305,3
13306,4
13307,2
13308,3
13309,2
13310,2
13311,2
13312,2
13313,2
13314,3
13316,3
13317,2
13318,3
13319,2
13320,1
13321,5
13322,2
13323,1
13324,4
13325,3
13326,6
13524,1
13525,3
13526,5
13527,1
13528,2
13529,3
13531,1
13532,3
13533,4
13534,3
13535,4
13536,5
13537,1
13538,2
13539,2
13540,2
13541,3
13542,3
13544,2
13545,4
13546,2
13547,1
13548,1
13549,3
13550,1
13551,5
13552,1
13553,4
13554,2
13555,6
13556,2
13557,4
13558,4
13559,1
13561,3
13562,3
13563,1
13564,6
13565,3
13566,1
13569,1
13570,3
13571,1
13574,2
13575,5
13576,2
13577,2
13578,5
13579,3
13580,2
13581,2
13583,1
13584,1
13585,6
13586,4
13588,5
13589,1
13590,2
13591,2
13592,1
13593,1
13594,1
13596,1
13597,5
13598,7
13599,3
13600,3
13601,3
13602,3
13603,2
13604,2
13605,3
13606,1
13607,4
13608,3
13609,2
13610,2
13611,3
13612,1
13613,2
13614,3
13615,2
13616,3
13617,2
13618,1
13619,4
13620,5
13621,2
13622,3
13624,1
13625,5
13626,1
13627,2
13628,4
13629,5
13630,2
13631,3
13632,2
13633,1
13634,7
13635,3
13665,1
13666,1
13667,3
13668,2
13669,3
13670,3
13671,1
13672,2
13673,2
13674,2
13675,1
13676,2
13677,5
13678,4
13679,2
13680,1
13681,1
13682,5
13683,3
13684,1
13685,1
13686,7
13687,3
13689,6
13690,2
13691,1
13692,6
13693,7
13694,27
13695,14
13696,8
13697,7
13698,9
13699,4
13700,3
13701,4
13702,7
13703,7
13704,15
13705,8
13706,2
13707,4
13708,4
13709,8
13710,12
13711,5
13712,5
13713,5
13714,2
13715,3
13716,5
13717,5
13718,9
13719,8
13720,4
13721,1
13724,4
13725,2
13726,1
13727,1
13728,3
13729,1
13730,2
13731,2
13732,5
13733,2
13734,3
13735,2
13736,2
13738,3
13739,4
13740,2
13741,2
13742,3
13743,4
13744,1
13745,4
13746,2
13747,2
13748,12
13749,19
13750,12
13751,4
13752,16
13753,14
13754,12
13755,6
13756,9
13757,5
13758,9
13759,7
13760,7
13761,12
13762,8
13763,5
13764,8
13765,10
13766,8
13767,7
13768,10
13769,6
13770,6
13771,9
13772,13
13773,8
13774,9
13775,11
13776,2
13777,1
13778,1
13779,4
13780,2
13781,2
13782,4
13783,2
13784,3
13785,1
13786,2
13787,1
13788,3
13789,2
13790,1
13791,1
13792,3
13793,1
13794,1
13795,3
13796,6
13797,1
13798,2
13799,5
13801,5
13802,2
13803,3
13804,6
13805,6
13806,8
13807,5
13808,3
13809,8
13810,8
13811,7
13812,7
13813,5
13814,7
13815,12
13816,13
13817,8
13818,6
13819,6
13820,3
13821,4
13822,9
13823,7
13824,11
13825,9
13826,5
13827,7
13828,6
13829,7
13830,10
13831,14
13832,49
13833,47
13834,56
13835,46
13836,117
13837,67
13838,47
13839,24
13840,46
13841,64
13842,31
13843,58
13844,93
13845,75
13846,51
13847,42
13848,47
13849,42
13850,69
13851,52
13852,64
13853,52
13854,40
13855,51
13856,73
13857,62
13858,56
13859,53
13860,9
13861,7
13862,10
13863,12
13864,25
13865,12
13866,7
13867,4
13868,5
13869,8
13870,11
13871,20
13872,12
13873,18
13874,7
13875,6
13876,8
13877,9
13878,10
13879,13
13880,10
13881,13
13882,9
13883,3
13884,8
13885,16
13886,9
13887,9
13888,20
13889,35
13890,41
13891,77
13892,59
13893,37
13894,28
13895,33
13896,44
13897,22
13898,40
13899,51
13900,26
13901,18
13902,10
13903,20
13904,26
13905,37
13906,47
13907,31
13908,27
13909,30
13910,25
13911,51
13912,42
13913,54
13914,29
13915,28
13916,5
13917,5
13918,6
13919,6
13920,10
13921,3
13922,6
13923,8
13924,4
13925,1
13926,5
13927,7
13928,6
13929,7
13930,4
13931,7
13932,3
13933,4
13934,2
13935,5
13936,7
13937,7
13938,6
13939,4
13940,9
13941,3
13942,7
13943,4
13944,3
13945,1
13946,4
13947,2
13948,3
13949,3
13950,5
13951,1
13953,1
13954,1
13955,2
13956,4
13957,3
13958,2
13959,2
13960,2
13961,1
13962,3
13963,3
13964,2
13965,3
13966,6
13967,2
13968,3
13969,5
13970,1
13971,5
13972,6
13973,6
13974,2
13975,4
13976,6
13977,2
13978,6
13979,3
13980,6
13981,1
13982,1
13983,3
13984,5
13985,5
13986,2
13987,3
13988,1
13989,4
13990,2
13991,3
13992,5
13993,3
13994,2
13995,2
13996,6
13998,8
13999,5
14000,1
14001,4
14002,5
14003,3
14004,3
14005,4
14006,2
14007,2
14008,1
14009,1
14010,1
14011,3
14012,3
14013,4
14015,1
14016,1
14018,4
14019,1
14020,2
14021,3
14022,3
14023,1
14024,2
14025,4
14026,4
14027,5
14056,2
14057,5
14059,1
14060,5
14061,3
14062,1
14063,3
14064,2
14065,2
14066,5
14067,2
14068,2
14069,3
14070,1
14071,3
14072,2
14073,2
14074,5
14075,1
14076,3
14077,2
14079,2
14080,5
14081,4
14082,7
14083,2
14084,4
14085,4
14086,5
14087,6
14088,4
14089,9
14090,10
14091,2
14092,9
14093,6
14094,3
14095,9
14096,5
14097,7
14098,4
14099,10
14100,5
14101,4
14102,6
14103,11
14104,4
14105,13
14106,2
14107,8
14108,7
14109,14
14110,9
14111,7
14113,5
14114,3
14115,3
14116,2
14117,5
14118,1
14119,2
14120,3
14121,3
14122,1
14123,3
14124,1
14125,3
14126,1
14127,1
14128,3
14129,1
14130,1
14131,4
14132,2
14133,4
14134,2
14135,1
14136,2
14137,5
14138,7
14139,5
14140,4
14141,3
14142,5
14143,4
14144,4
14146,3
14147,1
14148,3
14150,1
14151,2
14153,2
14154,2
14155,2
14157,3
14158,3
14159,2
14160,2
14161,4
14162,4
14163,3
14164,6
14165,4
14166,2
14167,7
14364,1
14365,2
14366,3
14367,3
14368,1
14369,2
14370,3
14372,2
14373,5
14374,1
14376,4
14378,2
14379,4
14381,3
14382,2
14383,4
14384,3
14385,3
14386,3
14387,1
14388,4
14389,4
14390,2
14391,2
14392,5
14393,2
14394,4
14395,3
14396,4
14397,3
14398,3
14399,3
14400,2
14401,1
14402,6
14403,3
14404,1
14405,3
14406,3
14407,2
14409,1
14410,5
14411,3
14412,1
14413,2
14414,5
14415,6
14416,3
14417,2
14418,3
14419,4
14420,5
14421,6
14422,6
14423,1
14424,3
14425,3
14426,3
14427,5
14428,2
14430,2
14431,1
14432,5
14433,2
14434,2
14436,2
14437,2
14438,1
14439,1
14440,2
14441,5
14442,3
14443,3
14444,2
14445,3
14447,1
14448,2
14450,1
14451,6
14452,1
14453,5
14454,2
14458,1
14459,2
14460,3
14461,1
14462,1
14463,1
14464,3
14466,1
14467,1
14468,4
14469,1
14470,3
14471,1
14472,2
14473,2
14474,1
14475,6
14476,5
14478,4
14479,1
14480,5
14481,3
14482,4
14484,2
14486,3
14487,1
14488,2
14489,3
14491,3
14492,2
14493,2
14494,2
14496,1
14497,2
14498,3
14499,4
14500,3
14501,2
14502,3
14503,4
14505,4
14506,5
14507,4
14508,5
14509,5
14510,7
14511,1
14512,1
14513,1
14514,2
14515,1
14516,3
14517,4
14518,3
14519,2
14521,1
14522,1
14523,4
14524,1
14527,2
14528,3
14529,1
14530,3
14531,2
14532,4
14533,5
14534,6
14536,6
14537,2
14538,5
14539,4
14540,2
14541,4
14542,1
14543,3
14544,3
14545,3
14546,2
14547,3
14548,1
14549,3
14551,2
14552,1
14553,3
14554,1
14555,6
14556,2
14557,1
14558,5
14559,6
14560,5
14561,2
14562,1
14563,3
14564,2
14565,5
14566,3
14567,2
14568,1
14569,1
14570,2
14571,1
14572,4
14573,3
14574,1
14575,2
14576,1
14577,4
14578,3
14579,3
14580,5
14581,1
14582,2
14583,2
14584,2
14585,5
14586,8
14587,2
14588,2
14589,6
14590,6
14591,5
14592,8
14593,4
14594,3
14595,6
14596,3
14598,2
14599,3
14600,7
14601,7
14602,1
14603,4
14604,2
14605,6
14606,4
14607,1
14608,2
14609,4
14610,2
14611,2
14612,4
14613,9
14614,4
14615,4
14616,1
14617,6
14618,4
14619,3
14620,3
14621,7
14622,7
14623,4
14624,3
14625,2
14626,2
14627,3
14628,6
14629,5
14630,1
14631,2
14632,5
14633,2
14634,9
14635,3
14636,2
14637,9
14638,2
14639,4
14640,2
14641,8
14642,6
14643,3
14644,5
14645,6
14646,2
14647,3
14648,8
14649,5
14650,7
14652,5
14653,4
14654,3
14655,5
14656,4
14657,3
14658,6
14659,3
14660,3
14661,9
14662,3
14663,6
14664,4
14665,2
14666,4
14667,8
14668,8
14669,8
14670,2
14671,11
14672,17
14673,15
14674,21
14675,9
14676,40
14677,26
14678,17
14679,20
14680,5
14681,13
14682,10
14683,10
14684,11
14685,11
14686,9
14687,16
14688,8
14689,12
14690,15
14691,12
14692,8
14693,14
14694,12
14695,14
14696,11
14697,20
14698,27
14699,18
14700,3
14701,2
14702,9
14703,4
14704,5
14705,9
14706,9
14707,3
14708,8
14709,3
14710,7
14711,3
14712,4
14713,2
14714,6
14715,7
14716,2
14717,7
14718,10
14719,7
14720,5
14721,9
14722,5
14723,6
14724,6
14725,10
14726,7
14727,9
14728,3
14729,4
14730,2
14731,7
14732,5
14733,3
14734,3
14735,2
14736,1
14737,4
14738,2
14739,3
14740,6
14742,1
14743,4
14744,1
14745,1
14746,3
14747,2
14748,2
14749,3
14750,3
14751,5
14752,7
14753,3
14754,12
14755,4
14756,4
14757,8
14758,8
14759,4
14760,7
14761,10
14762,5
14763,9
14764,3
14765,10
14766,6
14767,5
14768,5
14769,8
14770,7
14771,5
14772,5
14773,5
14774,6
14775,5
14776,6
14777,6
14778,5
14779,1
14780,6
14781,9
14782,7
14783,5
14784,4
14785,2
14786,4
14787,3
14788,2
14789,5
14790,4
14791,5
14792,4
14793,3
14795,2
14796,4
14797,3
14798,2
14799,5
14800,2
14802,6
14803,1
14804,4
14805,4
14807,2
14808,6
14809,2
14810,2
14811,5
14812,3
14813,4
14814,4
14815,3
14816,8
14817,4
14818,4
14819,3
14820,4
14821,6
14822,4
14823,10
14824,6
14825,4
14826,4
14828,5
14829,3
14830,6
14831,5
14832,5
14833,10
14834,3
14835,6
14836,1
14837,9
14838,3
14839,7
14840,2
14841,3
14842,2
14843,2
14844,2
14845,7
14846,5
14847,4
14848,1
14849,3
14850,2
14851,4
14852,2
14855,2
14856,2
14857,2
14859,3
14861,4
14862,6
14863,1
14864,3
14865,6
14866,3
14867,2
14868,3
14869,4
14870,2
14871,3
14872,3
14873,3
14874,3
14875,3
14877,3
14878,1
14879,1
14880,2
14881,1
14882,2
14883,2
14884,1
14885,3
14886,1
14887,1
14888,2
14889,2
14891,1
14892,5
14893,4
14894,2
14924,2
14925,2
14926,1
14927,2
14928,6
14929,2
14930,5
14931,5
14932,1
14933,1
14934,2
14935,1
14936,5
14937,3
14938,2
14939,2
14940,2
14941,3
14942,5
14943,1
14944,1
14946,1
14947,4
14948,1
14949,3
14950,7
14951,1
14952,13
14953,11
14954,5
14955,4
14956,15
14957,12
14958,10
14959,2
14960,5
14961,11
14962,20
14963,20
14964,9
14965,14
14966,9
14967,4
14968,4
14969,18
14970,10
14971,8
14972,13
14973,8
14974,7
14975,8
14976,9
14977,8
14978,16
14979,9
15316,2
15317,3
15318,1
15319,2
15320,6
15321,2
15323,3
15325,3
15326,2
15327,2
15328,2
15329,1
15330,3
15332,2
15333,1
15335,2
15336,1
15337,2
15338,2
15339,4
15340,2
15341,3
15342,6
15343,2
15344,2
15345,1
15346,2
15347,5
15348,2
15349,4
15350,5
15352,1
15354,2
15355,2
15356,3
15357,1
15358,2
15359,2
15361,1
15362,3
15363,3
15364,2
15365,2
15366,2
15367,3
15368,1
15370,4
15371,2
15372,1
15373,3
15375,2
15376,2
15377,4
15378,1
15379,5
15380,2
15381,1
15382,2
15383,2
15384,2
15385,1
15386,2
15387,1
15389,3
15390,3
15391,2
15392,2
15393,2
15394,3
15395,1
15396,3
15397,3
15398,3
15399,3
15400,3
15401,5
15402,2
15403,3
15404,7
15405,5
15406,6
15407,2
15408,3
15409,3
15410,5
15411,3
15412,1
15413,5
15415,3
15418,3
15419,3
15420,2
15421,3
15422,1
15423,1
15424,3
15425,2
15426,7
15427,2
15428,3
15429,3
15430,8
15431,2
15432,8
15433,6
15434,7
15435,6
15437,3
15438,4
15439,8
15440,7
15441,6
15442,4
15443,4
15444,1
15445,2
15446,9
15447,4
15448,4
15449,6
15450,8
15451,3
15452,1
15453,4
15454,7
15455,6
15456,5
15457,1
15458,4
15459,3
15460,8
15461,6
15462,2
15463,3
15464,1
15465,7
15466,1
15467,2
15468,2
15469,4
15470,5
15471,1
15472,2
15473,4
15474,2
15475,1
15476,3
15477,4
15478,3
15479,4
15480,4
15481,9
15482,3
15483,3
15484,9
15485,20
15486,14
15487,9
15488,4
15489,11
15490,7
15491,7
15492,11
15493,5
15494,7
15495,8
15496,16
15497,9
15498,14
15499,4
15500,4
15501,13
15502,5
15503,7
15504,7
15505,8
15506,10
15507,12
15508,11
15509,11
15510,4
15511,7
15512,32
15513,28
15514,28
15515,27
15516,50
15517,45
15518,41
15519,24
15520,33
15521,23
15522,64
15523,35
15524,34
15525,26
15526,17
15527,42
15528,20
15529,22
15530,33
15531,32
15532,36
15533,37
15534,32
15535,45
15536,31
15537,35
15538,45
15539,51
15540,34
15541,28
15542,32
15543,28
15544,41
15545,42
15546,38
15547,33
15548,26
15549,35
15550,44
15551,44
15552,62
15553,33
15554,33
15555,19
15556,21
15557,31
15558,36
15559,30
15560,37
15561,34
15562,40
15563,26
15564,32
15565,42
15566,46
15567,54
15568,17
15569,17
15570,16
15571,13
15572,26
15573,26
15574,13
15575,11
15576,8
15577,13
15578,13
15579,20
15580,16
15581,7
15582,10
15583,7
15584,17
15585,12
15586,13
15587,12
15588,10
15589,13
15590,309
15591,19
15592,11
15593,14
15594,15
15595,13
15596,29
15597,23
15598,13
15599,14
15600,26
15601,17
15602,33
15603,25
15604,11
15605,12
15606,15
15607,14
15608,11
15609,26
15610,24
15611,14
15612,8
15613,6
15614,30
15615,27
15616,36
15617,38
15618,24
15619,21
15620,13
15621,13
15622,30
15623,38
15624,2
15625,1
15626,2
15627,6
15628,4
15629,3
15630,7
15631,2
15632,1
15633,3
15634,5
15635,5
15636,3
15637,1
15638,4
15639,1
15641,2
15643,5
15644,9
15645,3
15646,4
15647,4
15648,4
15649,5
15650,4
15651,5
15652,1
15653,2
15654,2
15655,2
15656,2
15657,1
15658,2
15659,6
15660,2
15661,4
15662,3
15663,3
15664,1
15665,2
15666,3
15667,2
15668,2
15670,4
15671,3
15672,3
15673,3
15674,1
15675,3
15676,5
15677,4
15678,2
15679,6
15680,2
15682,3
15683,2
15684,3
15685,3
15686,5
15687,1
15688,3
15690,4
15691,2
15692,2
15693,4
15694,1
15695,1
15696,2
15698,1
15699,4
15700,1
15701,3
15702,3
15703,4
15704,4
15705,2
15706,3
15707,3
15708,3
15709,3
15710,2
15711,1
15712,3
15713,3
15714,5
15715,1
15716,2
15717,5
15718,3
15719,1
15720,4
15723,1
15724,1
15725,1
15726,1
15727,4
15728,1
15729,3
15730,3
15731,2
15732,3
15733,3
15734,3
15735,3
15736,5
15737,1
15738,3
15739,3
15740,4
15741,6
15742,1
15743,1
15744,1
15745,1
15746,3
15747,1
15748,3
15749,2
15750,3
15753,1
15754,3
15756,5
15757,2
15758,6
15759,3
15760,6
15761,7
15763,3
15764,3
15765,3
15766,3
15767,4
15768,2
15769,3
15770,4
15771,4
15772,3
15773,1
15774,3
15776,1
15777,3
15778,5
15779,2
15780,3
15781,2
15782,1
15783,3
15785,1
15786,2
15787,2
15788,2
15789,2
15790,5
15791,3
15792,2
15793,3
15794,3
15795,5
15796,8
15798,3
15799,2
15800,2
15801,7
15802,1
15803,5
15804,5
15805,1
15806,3
15807,2
15808,1
15809,2
15810,8
15811,3
15812,7
15813,7
15815,2
15816,5
15817,2
15818,4
15819,6
16184,2
16185,2
16186,2
16187,6
16188,5
16189,2
16190,4
16192,4
16193,3
16195,2
16196,3
16198,3
16199,2
16200,2
16201,5
16202,3
16203,4
16204,3
16205,2
16207,1
16208,3
16209,2
16211,4
16213,4
16214,3
16215,2
16216,1
16217,2
16219,1
16220,2
16221,1
16222,4
16223,2
16224,2
16225,2
16226,1
16227,2
16228,2
16230,3
16231,1
16233,2
16234,2
16235,3
16236,3
16237,2
16238,1
16239,4
16240,2
16241,3
16243,1
16244,2
16245,2
16246,3
16247,2
16248,1
16250,3
16251,4
16252,3
16254,3
16255,1
16256,2
16258,1
16259,2
16260,3
16261,3
16262,4
16263,1
16264,3
16265,5
16266,3
16267,4
16268,7
16269,5
16270,5
16271,1
16272,4
16273,6
16274,6
16275,4
16276,2
16277,5
16278,3
16279,9
16280,6
16281,1
16282,4
16283,4
16284,6
16285,8
16286,7
16287,7
16288,9
16289,8
16290,2
16291,4
16292,4
16293,6
16294,4
16295,5
16352,4
16353,3
16354,4
16355,7
16356,8
16357,7
16358,5
16359,4
16360,2
16361,1
16362,1
16363,3
16364,6
16365,1
16366,2
16367,5
16368,2
16369,3
16370,2
16371,5
16372,5
16373,2
16374,2
16375,4
16376,5
16377,2
16378,6
16379,4
16380,12
16381,3
16382,19
16383,8
16384,5
16385,13
16386,9
16387,4
16388,8
16389,10
16390,8
16391,8
16392,5
16393,8
16394,4
16395,8
16396,7
16397,3
16398,12
16399,15
16400,9
16401,9
16402,7
16403,15
16404,7
16405,9
16406,11
16407,10
16408,16
16409,16
16410,32
16411,25
16412,39
16413,26
16414,25
16415,11
16416,19
16417,17
16418,14
16419,32
16420,16
16421,16
16422,26
16423,14
16424,21
16425,10
16426,24
16427,14
16428,17
16429,20
16430,12
16431,14
16432,18
16433,23
16434,23
16435,26
16436,46
16437,26
16438,23
16439,28
16440,66
16441,58
16442,48
16443,41
16444,20
16445,23
16446,34
16447,42
16448,59
16449,57
16450,38
16451,29
16452,24
16453,57
16454,68
16455,62
16456,36
16457,31
16458,27
16459,22
16460,29
16461,46
16462,41
16463,57
16464,6
16465,12
16466,4
16467,6
16468,13
16469,11
16470,13
16471,3
16472,7
16473,9
16474,6
16475,6
16476,13
16477,12
16478,5
16479,7
16480,8
16481,6
16482,10
16483,6
16484,8
16485,5
16486,5
16487,3
16488,6
16489,8
16490,11
16491,6
16492,6
16493,6
16494,5
16495,3
16496,10
16497,8
16498,13
16499,4
16500,2
16501,3
16502,5
16503,5
16504,7
16505,6
16506,4
16507,5
16509,2
16510,8
16511,16
16512,9
16513,7
16514,8
16515,4
16516,3
16517,12
16518,13
16519,5
16520,4
16521,2
16522,3
16523,1
16524,5
16525,1
16526,5
16527,3
16528,1
16529,1
16530,1
16531,2
16532,5
16533,2
16534,4
16535,2
16536,1
16537,3
16538,3
16539,3
16540,5
16541,3
16542,4
16543,3
16544,1
16545,2
16546,4
16547,5
16548,4
16549,5
16550,8
16551,4
16552,5
16553,4
16554,5
16555,2
16556,8
16557,3
16558,1
16559,8
16560,4
16561,2
16562,5
16563,3
16564,5
16565,3
16566,7
16567,4
16568,3
16569,4
16570,6
16571,1
16572,4
16573,6
16574,11
16575,2
16912,4
16913,2
16914,3
16915,5
16916,5
16917,1
16918,1
16920,2
16921,1
16922,2
16923,4
16924,2
16926,2
16927,3
16928,1
16929,3
16930,4
16931,1
16932,1
16933,4
16934,2
16935,5
16936,1
16937,3
16938,5
16939,4
16940,3
16941,2
16943,5
16944,6
16945,4
16946,3
16948,1
16949,2
16950,2
16951,5
16953,2
16955,3
16956,2
16957,3
16958,2
16959,5
16960,2
16961,1
16962,1
16963,2
16964,1
16965,4
16966,3
16967,2
16969,3
16970,5
16971,2
16972,1
16973,4
16974,1
16975,4
16976,1
16978,2
16979,2
16980,3
16981,1
16982,1
16983,3
16984,2
16985,1
16986,5
16987,1
16989,3
16990,3
16991,2
16992,1
16995,3
16996,1
16997,2
16998,4
17000,6
17001,5
17002,5
17003,1
17004,2
17007,4
17008,2
17009,1
17010,1
17012,3
17014,4
17015,2
17017,2
17018,3
17019,2
17020,2
17021,3
17022,2
17023,3
17024,4
17025,1
17026,3
17027,5
17029,3
17030,2
17031,2
17032,1
17034,4
17035,3
17036,2
17037,1
17038,3
17039,2
17040,1
17041,4
17042,4
17043,4
17044,1
17045,3
17046,1
17047,1
17048,2
17049,6
17050,3
17051,2
17052,1
17053,4
17054,6
17056,4
17057,4
17058,1
17061,6
17062,1
17063,2
17064,3
17065,2
17067,2
17070,4
17071,2
17072,2
17073,2
17074,2
17076,4
17077,1
17078,6
17079,3
17080,1
17081,3
17082,6
17083,4
17084,2
17085,4
17086,4
17087,1
17088,1
17089,3
17090,2
17091,3
17092,1
17093,6
17094,2
17095,1
17096,1
17098,2
17099,3
17100,4
17101,8
17102,1
17103,4
17104,1
17105,3
17106,1
17107,3
17108,2
17109,1
17110,4
17111,1
17112,1
17113,2
17114,5
17115,1
17118,3
17120,2
17121,2
17122,3
17123,3
17124,1
17125,2
17126,1
17127,1
17128,3
17129,2
17130,1
17131,2
17132,1
17133,3
17134,6
17135,3
17192,2
17193,8
17194,5
17195,8
17196,6
17197,6
17198,6
17199,3
17200,1
17201,3
17202,2
17203,4
17204,7
17205,6
17206,4
17207,2
17208,3
17209,2
17210,4
17211,3
17212,5
17213,5
17214,6
17215,4
17216,6
17217,9
17218,6
17219,7
17220,12
17221,14
17222,5
17223,11
17224,7
17225,14
17226,13
17227,7
17228,8
17229,5
17230,6
17231,13
17232,10
17233,17
17234,7
17235,13
17236,8
17237,8
17238,20
17239,5
17240,22
17241,4
17242,6
17243,3
17244,11
17245,11
17246,15
17247,12
17248,85
17249,72
17250,86
17251,41
17252,102
17253,109
17254,86
17255,83
17256,64
17257,45
17258,55
17259,70
17260,66
17261,60
17262,91
17263,49
17264,29
17265,38
17266,65
17267,37
17268,74
17269,84
17270,75
17271,66
17272,35
17273,61
17274,106
17275,72
17276,12
17277,5
17278,9
17279,7
17280,8
17281,16
17282,6
17283,9
17284,7
17285,11
17286,10
17287,5
17288,12
17289,11
17290,11
17291,8
17292,5
17293,9
17294,7
17295,15
17296,12
17297,19
17298,7
17299,11
17300,13
17301,8
17302,8
17303,13
17304,38
17305,60
17306,24
17307,36
17308,50
17309,51
17310,44
17311,36
17312,32
17313,32
17314,37
17315,53
17316,59
17317,50
17318,57
17319,28
17320,35
17321,38
17322,47
17323,23
17324,52
17325,40
17326,28
17327,48
17328,53
17329,45
17330,50
17331,59
17332,9
17333,11
17334,6
17335,15
17336,16
17337,7
17338,10
17339,6
17340,6
17341,8
17342,5
17343,9
17344,4
17345,7
17346,5
17347,4
17348,8
17349,6
17350,17
17351,6
17352,9
17353,7
17354,10
17355,2
17356,13
17357,14
17358,17
17359,8
17360,8
17361,4
17362,7
17363,3
17364,7
17365,10
17366,6
17367,8
17368,6
17369,1
17370,2
17371,8
17372,10
17373,6
17374,2
17375,6
17376,4
17377,2
17378,6
17379,3
17380,6
17381,8
17383,9
17384,7
17385,11
17386,7
17387,7
17388,1
17390,4
17391,2
17392,3
17393,12
17394,5
17395,3
17396,1
17397,2
17398,2
17399,2
17400,8
17401,4
17402,1
17403,2
17405,3
17406,2
17407,3
17408,7
17409,1
17410,4
17411,5
17412,5
17413,3
17414,6
17415,4
17780,4
17781,2
17782,2
17783,1
17784,4
17785,2
17786,4
17787,2
17788,2
17789,1
17790,1
17791,6
17793,1
17794,1
17795,1
17796,1
17797,2
17798,3
17799,6
17801,1
17802,2
17804,2
17805,3
17806,4
17807,2
17808,4
17809,5
17810,2
17811,2
17812,3
17813,3
17814,5
17815,3
17816,3
17817,2
17818,1
17820,4
17821,3
17822,1
17823,1
17824,1
17825,1
17826,3
17827,5
17828,1
17830,1
17831,2
17832,1
17833,2
17834,4
17835,4
17836,1
17839,3
17840,2
17841,4
17842,4
17843,1
17844,1
17845,4
17846,1
17847,2
17848,1
17849,2
17851,1
17852,1
17853,2
17854,1
17855,4
17856,1
17857,4
17858,1
17859,2
17860,1
17861,4
17862,3
17863,1
17864,1
17865,1
17866,1
17868,5
17869,6
17870,4
17871,1
17872,2
17873,2
17874,4
17875,1
17876,1
17877,2
17878,2
17879,2
17880,1
17881,4
17882,1
17883,1
17884,1
17885,2
17886,3
17887,1
17888,1
17889,4
17890,4
17891,4
17892,1
17893,2
17894,2
17895,4
17896,4
17897,3
17898,7
17899,1
17902,1
17903,3
17904,2
17905,4
17906,5
17907,2
17908,1
17909,1
17910,3
17911,2
17912,1
17913,2
17914,4
17915,5
17916,1
17917,2
17918,2
17919,2
17920,4
17921,4
17922,4
17923,1
17924,2
17925,2
17926,4
17927,1
17929,1
17930,5
17931,3
17933,3
17934,3
17935,3
17936,1
17937,1
17939,1
17940,1
17941,5
17942,6
17943,2
17945,2
17946,1
17947,1
17948,3
17949,2
17950,2
17951,2
17952,2
17953,5
17954,3
17955,1
17956,2
17957,3
17958,2
17960,4
17961,4
17962,1
17964,2
17965,1
17966,4
17967,2
17968,4
17969,5
17970,5
17971,3
17972,5
17973,3
17974,1
17975,2
17976,1
17977,1
17978,3
17979,3
17980,3
17981,5
17982,4
17983,2
17984,1
17985,1
17986,1
17987,2
17988,5
17989,4
17990,1
17992,4
17994,3
17995,4
17996,5
17997,2
17998,2
17999,2
18000,3
18001,5
18002,4
18003,3
18004,9
18005,12
18006,16
18007,7
18008,17
18009,7
18010,10
18011,6
18012,11
18013,6
18014,3
18015,10
18016,11
18017,7
18018,4
18019,6
18020,6
18021,4
18022,10
18023,11
18024,10
18025,9
18026,3
18027,4
18028,11
18029,12
18030,22
18031,8
18032,9
18033,6
18034,8
18035,6
18036,5
18037,6
18038,3
18039,6
18040,5
18041,1
18042,5
18043,2
18044,2
18045,7
18046,6
18047,2
18048,2
18049,2
18050,4
18051,3
18052,4
18053,6
18054,4
18055,6
18056,9
18057,4
18058,9
18059,5
18060,5
18061,4
18062,6
18063,2
18064,7
18065,3
18066,4
18067,3
18068,4
18069,11
18070,3
18071,2
18072,5
18073,5
18074,2
18075,3
18076,6
18077,4
18078,4
18079,4
18080,5
18081,1
18082,3
18083,6
18084,4
18085,4
18086,4
18087,5
18088,11
18089,4
18090,4
18091,9
18092,9
18093,7
18094,6
18095,6
18096,11
18097,8
18098,3
18099,8
18100,7
18101,3
18102,4
18103,7
18104,5
18105,2
18106,11
18107,5
18108,10
18109,3
18110,7
18111,3
18112,5
18113,8
18114,10
18115,4
18116,7
18117,9
18118,4
18119,6
18120,8
18121,9
18122,6
18123,5
18124,4
18125,3
18126,5
18127,5
18128,3
18129,4
18130,1
18131,3
18132,3
18133,3
18134,5
18135,5
18136,4
18137,6
18138,4
18139,1
18140,4
18141,6
18142,8
18143,8
18144,7
18145,3
18146,2
18147,1
18148,6
18149,3
18150,5
18151,7
18152,6
18153,4
18154,4
18155,3
18156,4
18157,4
18158,2
18159,1
18161,8
18162,3
18163,4
18164,4
18165,3
18166,5
18167,3
18168,1
18169,5
18170,3
18171,7
18172,5
18173,7
18174,3
18175,5
18176,9
18177,9
18178,4
18179,1
18180,3
18181,3
18182,8
18183,6
18184,5
18185,6
18186,3
18187,4
18188,1
18189,7
18190,11
18191,4
18192,5
18193,9
18194,2
18195,10
18196,3
18197,4
18198,9
18199,8
18200,3
18201,5
18202,5
18203,1
18204,3
18205,4
18206,1
18207,2
18209,4
18211,3
18212,1
18213,4
18214,3
18215,3
18216,2
18217,4
18218,4
18219,2
18220,5
18221,3
18222,2
18223,5
18224,1
18225,2
18226,3
18227,5
18228,4
18229,3
18230,2
18231,3
18232,4
18234,8
18235,1
18237,2
18238,1
18239,1
18240,2
18241,3
18242,1
18243,4
18244,3
18245,3
18247,2
18248,5
18249,6
18250,1
18251,2
18252,3
18253,9
18620,3
18621,3
18622,6
18623,1
18624,4
18625,3
18626,4
18627,2
18628,3
18631,7
18632,5
18633,4
18634,2
18635,6
18637,3
18639,3
18640,3
18641,1
18642,3
18644,5
18645,4
18647,6
18648,4
18649,1
18650,1
18651,5
18652,2
18653,4
18654,3
18655,2
18656,1
18657,1
18658,1
18659,6
18660,3
18661,3
18662,3
18663,4
18664,4
18666,3
18667,3
18668,4
18669,3
18670,2
18671,3
18672,3
18673,7
18674,6
18675,4
18676,1
18677,4
18678,4
18679,5
18680,6
18681,4
18682,3
18683,2
18684,2
18685,1
18686,1
18687,3
18689,3
18691,2
18692,1
18693,1
18694,3
18695,5
18696,2
18697,4
18698,2
18699,4
18700,2
18701,3
18702,4
18703,5
18704,2
18705,2
18706,2
18707,6
18708,2
18709,4
18710,3
18711,4
18712,1
18713,2
18714,4
18715,4
18716,5
18717,2
18718,3
18720,1
18721,3
18722,1
18723,5
18724,3
18725,3
18726,4
18727,4
18728,4
18729,8
18730,4
18731,6
18732,4
18733,2
18734,1
18735,2
18736,1
18737,4
18738,6
18740,3
18741,1
18743,3
18744,2
18745,2
18746,1
18747,4
18748,2
18749,3
18750,2
18751,1
18752,2
18753,5
18754,3
18755,1
18757,1
18758,4
18761,2
18762,2
18763,2
18764,1
18765,1
18766,2
18767,2
18768,2
18769,4
18771,2
18772,3
18773,2
18774,2
18778,1
18779,2
18780,3
18781,3
18783,1
18784,6
18785,6
18786,3
18787,3
18788,4
18789,2
18790,3
18791,2
18792,3
18793,2
18795,1
18796,1
18797,2
18798,3
18801,1
18802,2
18803,2
18804,2
18806,2
18807,1
18808,1
18809,3
18810,2
18811,1
18813,1
18814,8
18815,2
18816,7
18817,6
18818,9
18819,6
18820,5
18821,5
18822,3
18823,2
18824,3
18825,6
18826,8
18827,8
18828,6
18829,7
18830,1
18831,2
18832,7
18833,4
18834,5
18835,4
18836,3
18837,6
18838,1
18839,4
18840,7
18841,6
18842,10
18843,7
18844,1
18845,2
18846,2
18847,4
18848,4
18849,2
18850,1
18851,3
18852,2
18854,1
18855,1
18856,5
18857,1
18859,5
18860,1
18861,1
18862,2
18863,1
18864,2
18865,2
18866,2
18867,2
18868,1
18869,1
18870,2
18871,6
18872,3
18873,4
18874,2
18875,2
18876,5
18877,2
18878,3
18881,2
18882,3
18883,1
18885,2
18886,1
18889,2
18890,2
18891,3
18892,2
18893,2
18894,6
18895,2
18897,4
18898,2
18899,6
18901,1
18902,3
18903,8
18904,1
18905,2
18906,2
18907,1
18908,3
18909,4
18910,4
18911,2
18912,2
18913,1
18915,3
18917,1
18918,1
18919,2
18920,3
18921,4
18923,9
18924,2
18925,3
18926,3
18927,5
18929,2
18930,1
18931,8
18932,2
18933,6
18934,6
18935,2
18937,1
18938,6
18939,6
18940,2
18941,1
18942,1
18943,1
18944,4
18945,5
18946,2
18947,3
18948,4
18949,1
18951,3
18952,5
18953,2
18954,6
18955,2
18956,2
18957,5
18958,4
18959,3
18960,2
18961,3
18962,2
18963,4
18964,5
18965,3
18966,2
18967,3
18968,1
18969,4
18970,6
18971,5
18973,1
18974,4
18975,2
18976,4
18977,3
18978,3
18979,2
18980,2
18981,4
18982,6
18983,2
18984,16
18985,8
18986,15
18987,22
18988,17
18989,11
18990,18
18991,7
18992,23
18993,8
18994,7
18995,12
18996,14
18997,11
18998,9
18999,19
19000,17
19001,27
19002,16
19003,20
19004,15
19005,17
19006,16
19007,14
19008,14
19009,24
19010,16
19011,15
19012,21
19013,16
19014,21
19015,23
19016,25
19017,29
19018,17
19019,24
19020,22
19021,13
19022,17
19023,15
19024,19
19025,22
19026,11
19027,15
19028,11
19029,16
19030,19
19031,16
19032,11
19033,19
19034,11
19035,11
19036,11
19037,16
19038,18
19039,15
19040,5
19041,1
19042,5
19043,3
19044,4
19045,4
19046,2
19047,1
19048,1
19049,1
19050,2
19051,1
19052,1
19053,1
19054,3
19055,3
19056,1
19057,1
19058,4
19059,2
19060,1
19061,3
19062,1
19063,2
19065,1
19066,1
19067,3
19488,4
19489,3
19490,2
19491,4
19492,6
19493,2
19494,5
19496,1
19497,3
19498,2
19499,4
19501,2
19502,1
19503,2
19504,1
19505,4
19506,3
19507,1
19508,3
19509,1
19510,1
19512,7
19513,1
19514,1
19515,4
19516,4
19517,2
19518,4
19519,2
19520,2
19521,1
19522,4
19523,1
19525,3
19527,3
19528,2
19529,1
19530,3
19531,1
19532,1
19534,3
19535,1
19536,4
19537,2
19538,2
19539,2
19540,2
19541,5
19542,4
19543,6
19544,6
19545,2
19546,5
19547,7
19548,5
19549,5
19550,3
19551,3
19552,4
19553,2
19554,2
19555,1
19556,1
19557,2
19558,3
19559,1
19560,1
19561,1
19562,2
19563,8
19564,2
19565,5
19566,5
19567,1
19568,1
19569,7
19570,5
19571,3
19572,2
19573,3
19574,5
19575,3
19576,1
19578,5
19579,1
19580,2
19582,5
19583,2
19584,2
19585,5
19586,3
19587,2
19588,2
19589,2
19590,2
19591,3
19592,1
19593,1
19594,2
19595,2
19596,3
19597,2
19598,1
19599,2
19600,4
19601,3
19602,8
19603,2
19604,1
19605,4
19606,1
19607,3
19608,1
19609,2
19610,1
19611,1
19612,2
19613,1
19614,1
19618,2
19619,2
19620,4
19621,3
19622,3
19623,4
19624,1
19625,4
19626,2
19627,3
19628,2
19629,2
19630,2
19631,3
19632,4
19633,5
19634,4
19637,1
19639,3
19640,1
19641,3
19642,3
19643,2
19645,1
19646,4
19647,2
19648,2
19649,4
19650,3
19652,3
19653,6
19654,2
19656,3
19657,5
19658,4
19659,4
19660,4
19661,6
19662,5
19663,2
19665,4
19666,5
19667,4
19668,2
19669,4
19670,3
19671,1
19672,1
19673,4
19674,4
19675,4
19676,2
19677,1
19679,4
19680,2
19681,5
19682,6
19683,4
19684,1
19686,4
19687,1
19688,4
19689,3
19690,7
19691,3
19693,4
19694,2
19695,2
19696,4
19698,2
19699,3
19702,3
19703,5
19704,2
19705,5
19706,4
19707,1
19709,3
19711,1
19712,2
19713,4
19715,2
19716,3
19717,4
19718,1
19719,5
19720,1
19721,2
19722,2
19723,1
19724,3
19725,4
19726,2
19727,4
19729,4
19730,4
19731,1
19732,2
19734,2
19735,2
19736,2
19737,7
19738,4
19739,5
19741,2
19742,2
19743,1
19744,3
19745,3
19747,4
19749,3
19750,2
19751,5
19754,1
19756,2
19757,2
19758,1
19759,3
19761,1
19762,3
19763,1
19764,2
19765,2
19766,3
19767,2
19768,1
19769,1
19770,3
19771,2
19772,3
19773,1
19774,1
19775,2
19776,2
19777,2
19779,1
19780,2
19782,3
19783,2
19784,2
19785,1
19786,3
19787,2
19788,1
19789,2
19790,4
19791,4
19792,6
19793,1
19794,3
19795,7
19796,2
19797,7
19798,2
19799,2
19800,3
19801,3
19802,6
19803,2
19804,1
19805,1
19807,1
19808,1
19810,1
19811,4
19813,4
19814,4
19815,4
19816,2
19817,3
19818,1
19819,2
19820,2
19821,1
19822,2
19823,5
19824,9
19825,9
19826,2
19827,7
19828,9
19829,12
19830,14
19831,7
19832,2
19833,6
19834,8
19835,6
19836,13
19837,4
19838,5
19839,5
19840,3
19841,6
19842,8
19843,6
19844,7
19845,6
19846,4
19847,7
19848,4
19849,8
19850,13
19851,8
19852,37
19853,42
19854,34
19855,17
19856,37
19857,45
19858,32
19859,29
19860,34
19861,24
19862,35
19863,31
19864,38
19865,25
19866,30
19867,39
19868,33
19869,25
19870,54
19871,31
19872,42
19873,27
19874,25
19875,26
19876,20
19877,33
19878,38
19879,54
19880,5
19881,4
19882,3
19883,5
19884,11
19885,4
19886,9
19887,3
19888,2
19889,5
19890,1
19891,12
19892,6
19893,2
19895,2
19896,3
19897,1
19898,3
19899,1
19900,6
19901,10
19902,3
19903,6
19904,4
19905,6
19906,3
19907,6
20328,2
20329,2
20330,4
20331,2
20332,3
20333,4
20334,5
20335,1
20336,1
20337,1
20338,2
20339,1
20340,2
20341,1
20343,1
20344,2
20345,1
20346,2
20347,2
20348,3
20349,3
20352,2
20354,6
20355,2
20356,2
20357,4
20358,5
20359,1
20360,3
20362,4
20363,1
20364,2
20365,2
20367,2
20368,1
20369,2
20370,1
20371,1
20372,3
20373,2
20374,5
20375,2
20376,1
20377,2
20378,3
20379,3
20380,3
20381,3
20383,5
20384,4
20385,2
20386,7
20387,5
20388,6
20389,5
20390,8
20391,3
20393,3
20394,2
20395,1
20396,2
20397,7
20398,3
20399,3
20400,2
20401,4
20402,5
20404,3
20405,4
20406,1
20407,5
20408,4
20409,6
20410,5
20411,5
20412,6
20413,13
20414,19
20415,7
20416,25
20417,13
20418,23
20419,7
20420,8
20421,12
20422,6
20423,10
20424,21
20425,13
20426,4
20427,7
20428,18
20429,10
20430,5
20431,8
20432,3
20433,10
20434,4
20435,5
20436,14
20437,19
20438,10
20439,14
20440,1
20441,2
20442,1
20443,3
20444,4
20445,5
20446,3
20447,4
20448,7
20449,2
20450,4
20451,4
20452,6
20453,1
20454,3
20455,2
20456,2
20457,7
20458,2
20459,6
20460,5
20461,3
20462,2
20463,1
20464,2
20465,14
20466,9
20467,4
20468,2
20470,1
20472,2
20473,4
20474,2
20475,6
20476,3
20477,2
20478,1
20479,6
20480,3
20481,3
20482,1
20483,2
20484,1
20485,1
20486,4
20487,3
20488,2
20489,6
20490,2
20492,7
20493,1
20494,7
20495,5
20496,3
20497,3
20498,2
20499,3
20500,2
20501,2
20502,3
20503,1
20504,2
20505,2
20506,3
20507,3
20508,3
20509,1
20510,1
20512,1
20513,3
20514,2
20515,3
20516,2
20517,2
20520,2
20521,3
20522,4
20523,4
20524,1
20525,1
20526,5
20527,2
20528,1
20529,2
20530,3
20531,1
20532,1
20534,3
20536,1
20537,1
20538,3
20539,2
20540,1
20541,1
20542,2
20543,3
20544,2
20545,2
20546,2
20547,1
20548,1
20549,2
20550,5
20551,1
20552,5
20553,3
20554,2
20555,1
20556,2
20557,4
20558,5
20559,8
20560,2
20561,2
20563,1
20565,2
20566,4
20567,2
20568,3
20569,1
20570,2
20571,1
20572,5
20573,1
20574,4
20577,3
20578,3
20579,4
20580,2
20581,3
20582,2
20583,1
20585,1
20587,1
20589,3
20590,1
20592,2
20593,2
20594,3
20596,1
20597,2
20598,4
20600,2
20601,1
20602,2
20603,2
20604,3
20605,3
20606,3
20607,2
20608,2
20609,6
20610,4
20611,1
20612,3
20614,1
20615,3
20616,2
20617,1
20618,1
20619,2
20620,8
20621,6
20622,2
20623,1
20624,3
20626,3
20627,2
20628,1
20629,3
20630,5
20631,4
20633,2
20634,3
20635,5
20636,3
20637,3
20638,1
20640,5
20641,4
20642,3
20643,2
20644,2
20645,1
20646,1
20647,2
20648,1
20649,1
20650,2
20651,2
20652,3
20653,4
20654,1
20655,1
20656,3
20657,1
20658,1
20659,3
20660,1
20661,4
20662,2
20663,4
20664,24
20665,11
20666,51
20667,12
20668,17
20669,18
20670,16
20671,16
20672,15
20673,22
20674,8
20675,19
20676,10
20677,11
20678,12
20679,9
20680,17
20681,10
20682,12
20683,9
20684,11
20685,20
20686,12
20687,6
20688,18
20689,18
20690,17
20691,9
21196,6
21197,3
21199,2
21200,5
21201,2
21202,1
21204,1
21205,5
21206,1
21207,1
21208,1
21210,2
21211,3
21212,1
21213,1
21214,2
21215,5
21217,6
21218,1
21221,3
21222,3
21223,3
21224,7
21225,1
21226,3
21227,1
21228,5
21229,2
21230,2
21231,2
21232,1
21233,2
21234,1
21235,4
21236,3
21237,1
21238,1
21239,3
21240,1
21241,3
21242,4
21243,3
21244,1
21245,2
21246,1
21248,2
21249,3
21250,2
21251,2
21252,3
21253,3
21254,4
21256,3
21257,6
21258,1
21259,4
21260,4
21261,3
21262,1
21263,1
21264,4
21265,2
21267,1
21268,1
21269,3
21270,5
21271,4
21272,3
21273,4
21274,4
21275,4
21276,2
21277,4
21278,6
21279,6
21280,3
21281,2
21282,1
21283,5
21284,1
21285,2
21286,3
21287,1
21288,4
21290,2
21291,4
21292,2
21293,1
21294,3
21296,2
21297,2
21298,4
21299,3
21300,4
21301,1
21302,1
21303,1
21304,3
21306,2
21307,1
21308,3
21309,3
21310,1
21311,1
21312,1
21313,1
21314,3
21315,5
21316,1
21318,1
21320,1
21321,3
21322,4
21323,1
21324,2
21326,4
21328,3
21329,2
21330,1
21331,1
21332,1
21333,2
21334,1
21335,4
21336,7
21337,3
21339,3
21340,2
21341,3
21342,1
21343,1
21344,3
21345,3
21346,3
21347,4
21348,7
21349,2
21350,2
21351,4
21352,1
21353,3
21354,2
21355,3
21356,1
21357,3
21358,3
21359,2
21360,4
21361,1
21362,5
21363,1
21364,4
21365,5
21366,2
21367,2
21368,6
21370,3
21373,4
21374,2
21375,1
21376,1
21377,2
21380,1
21382,3
21383,1
21384,1
21385,5
21386,4
21387,3
21390,5
21391,3
21392,4
21393,5
21394,3
21396,3
21397,5
21398,1
21399,3
21400,2
21401,4
21402,4
21403,3
21404,2
21405,1
21406,3
21408,3
21410,2
21411,5
21412,3
21413,3
21414,3
21415,1
21416,3
21417,2
21418,3
21419,5
21420,1
21421,2
21423,3
21425,3
21426,1
21427,4
21428,2
21429,2
21430,2
21431,2
21432,4
21433,5
21434,5
21435,1
21436,3
21437,2
21438,7
21439,1
21440,1
21441,6
21442,1
21443,1
21445,5
21446,5
21447,2
21448,2
21449,3
21450,2
21451,3
21452,6
21455,3
21456,2
21457,4
21458,1
21459,1
21461,3
21462,1
21464,2
21465,2
21466,3
21467,3
21468,4
21469,3
21470,3
21471,1
21472,2
21473,4
21474,1
21476,2
21477,4
21478,3
21479,4
21480,2
21481,3
21484,3
21485,2
21486,4
21487,4
21488,1
21489,1
21490,1
21491,3
21493,2
21494,4
21496,1
21497,4
21498,1
21499,3
21500,4
21501,1
21503,2
22036,2
22038,1
22039,3
22040,2
22041,2
22042,2
22043,3
22044,1
22046,1
22047,4
22048,2
22049,4
22050,3
22051,4
22053,2
22054,2
22055,4
22056,2
22057,2
22058,7
22059,4
22060,3
22061,5
22062,5
22064,4
22065,1
22066,3
22067,1
22068,4
22069,3
22070,4
22071,3
22072,3
22073,1
22074,2
22075,2
22076,4
22077,3
22078,4
22079,1
22080,4
22081,3
22082,1
22083,2
22084,2
22085,2
22086,4
22087,1
22088,3
22089,7
22090,2
22091,5
22092,4
22093,4
22094,4
22095,2
22096,1
22097,4
22098,4
22099,2
22100,2
22101,2
22103,1
22104,3
22105,3
22106,1
22107,1
22108,3
22109,4
22110,3
22111,2
22112,1
22113,1
22114,1
22115,1
22116,1
22117,3
22118,2
22119,5
22120,4
22121,4
22122,2
22123,1
22124,1
22125,4
22126,1
22127,2
22128,3
22129,2
22130,4
22131,1
22132,1
22133,4
22135,2
22136,1
22137,2
22138,2
22139,3
22140,2
22141,2
22142,1
22143,2
22144,3
22145,4
22146,5
22147,1
22148,1
22149,1
22150,2
22151,2
22152,6
22153,1
22154,5
22155,1
22156,2
22157,1
22158,3
22159,1
22160,2
22161,2
22162,3
22163,1
22165,2
22167,3
22169,3
22170,2
22171,1
22172,1
22173,1
22174,4
22176,1
22177,1
22178,5
22179,1
22180,5
22181,4
22182,3
22183,1
22184,4
22186,1
22187,2
22188,1
22189,2
22190,2
22191,1
22192,2
22193,1
22194,5
22195,3
22196,2
22197,2
22198,1
22200,2
22201,2
22202,3
22203,1
22204,2
22205,1
22206,1
22207,4
22209,4
22210,4
22211,1
22212,3
22213,2
22215,1
22216,4
22217,1
22219,5
22220,1
22221,2
22222,4
22223,4
22224,2
22225,3
22226,2
22227,3
22228,3
22229,2
22230,2
22231,5
22232,2
22233,4
22234,2
22235,4
22236,5
22237,3
22238,1
22241,2
22242,2
22243,3
22244,2
22245,3
22246,1
22247,1
22250,4
22251,2
22252,3
22253,2
22254,1
22256,4
22257,1
22258,2
22259,4
22260,4
22261,1
22262,2
22263,3
22264,3
22265,5
22266,3
22267,2
22268,2
22271,1
22272,4
22273,3
22274,1
22276,1
22278,1
22279,1
22280,1
22281,4
22282,3
22283,1
22284,3
22285,2
22286,3
22287,2
22288,2
22289,6
22290,4
22291,3
22292,4
22293,1
22294,1
22295,2
22296,2
22297,4
22298,3
22299,2
22302,1
22303,1
22304,5
22305,3
22306,2
22308,1
22309,2
22310,2
22311,3
22312,3
22313,3
22314,3
22315,5
22316,3
22317,2
22318,4
22319,3
22320,5
22321,1
22322,5
22323,1
22324,3
22325,1
22326,1
22327,2
22328,2
22329,6
22330,2
22333,3
22334,3
22336,5
22337,1
22338,6
22339,2
22340,4
22341,2
22342,1
22343,2
22876,3
22878,3
22880,4
22881,3
22882,4
22883,2
22884,1
22885,2
22886,2
22887,1
22888,2
22889,3
22890,1
22891,1
22892,2
22893,1
22894,1
22895,1
22896,3
22897,3
22898,2
22899,1
22900,1
22901,3
22902,3
22904,1
22905,1
22906,3
22908,5
22909,1
22910,5
22911,2
22912,4
22913,1
22914,2
22915,2
22916,2
22917,3
22919,1
22920,2
22921,1
22922,2
22923,3
22924,1
22925,2
22926,2
22927,4
22928,1
22929,3
22930,5
22931,4
22932,2
22933,1
22934,1
22935,2
22936,4
22937,1
22938,6
22939,3
22940,4
22941,1
22942,2
22943,5
22944,4
22946,1
22947,2
22949,2
22950,1
22951,2
22952,2
22953,4
22954,1
22955,1
22956,3
22957,3
22958,3
22959,4
22960,3
22961,4
22962,3
22963,1
22964,6
22965,3
22966,7
22967,1
22969,1
22970,2
22971,1
22972,2
22973,1
22975,2
22976,1
22977,3
22978,3
22980,4
22981,2
22982,1
22983,4
22984,1
22985,6
22986,3
22987,7
23072,1
23073,2
23074,3
23075,1
23076,4
23077,2
23078,5
23079,1
23080,3
23081,5
23084,4
23086,6
23087,3
23089,2
23091,2
23092,1
23093,2
23094,1
23095,3
23096,2
23097,3
23098,2
23099,3
23100,1
23101,4
23102,5
23103,5
23105,4
23106,3
23107,3
23108,2
23109,1
23110,4
23111,1
23112,3
23113,3
23115,1
23116,1
23117,2
23118,2
23119,2
23120,3
23121,3
23122,2
23123,4
23124,7
23125,1
23126,1
23127,5
23128,1
23129,2
23130,1
23131,3
23132,1
23133,1
23134,3
23135,2
23136,2
23138,3
23139,4
23140,1
23141,1
23143,1
23144,1
23147,3
23148,1
23149,5
23150,2
23151,5
23152,1
23153,1
23154,3
23155,1
23156,2
23157,2
23158,3
23159,3
23160,1
23161,1
23162,4
23163,2
23164,1
23165,6
23166,2
23167,4
23168,5
23169,2
23170,4
23171,1
23172,1
23173,4
23174,3
23175,1
23176,3
23178,4
23179,2
23180,3
23182,7
23183,5
23716,2
23717,2
23718,3
23720,4
23721,1
23722,3
23723,3
23724,3
23725,2
23726,3
23727,3
23728,2
23729,3
23730,6
23731,1
23732,3
23733,1
23734,1
23735,3
23736,4
23737,1
23740,1
23741,3
23742,3
23743,4
23744,4
23745,4
23746,1
23747,2
23748,3
23749,1
23750,1
23751,1
23752,1
23753,1
23754,4
23756,1
23757,5
23758,1
23761,5
23762,1
23763,3
23764,2
23765,3
23766,4
23767,2
23768,2
23769,3
23770,4
23771,2
23912,1
23913,3
23914,1
23915,2
23916,6
23917,2
23918,3
23919,4
23920,3
23923,3
23924,3
23925,2
23927,2
23928,5
23929,2
23930,2
23931,1
23932,5
23933,2
23934,3
23935,2
23936,3
23937,1
23938,8
23939,1
23940,4
23941,3
23942,2
23943,3
23944,2
23945,4
23946,5
23947,6
23948,2
23949,2
23950,4
23951,2
23952,5
23953,2
23954,1
23955,1
23956,1
23957,1
23958,1
23959,2
23960,3
23961,4
23962,2
23964,4
23965,4
23966,1
23968,1
23969,4
23970,4
23971,5
23972,4
23973,3
23974,3
23977,3
23978,1
23979,1
23980,1
23981,4
23982,1
23983,3
23985,1
23986,1
23987,3
23988,6
23989,5
23990,3
23991,1
23992,5
23993,1
23994,2
24780,4
24781,1
24782,2
24783,1
24784,3
24785,4
24786,1
24787,2
24788,2
24789,1
24791,2
24792,4
24793,4
24794,1
24795,2
24796,1
24797,3
24798,3
24799,3
24801,5
24802,3
24803,1
24804,5
24805,2
24806,3
24807,4
24808,1
24809,4
24810,2
24811,3
24812,2
24813,1
24814,2
24817,1
24818,2
24821,1
24822,3
24823,2
24824,1
24825,1
24826,2
24827,1
24828,1
24829,3
24830,3
24831,2
24832,4
24833,4
24834,2
24835,3
